{"model_encoding": {"electricity_annual": {"attr": {"x_data_columns": ["system_capacity"], "x_data": [[0.4927536231884058], [0.5797101449275361], [0.6956521739130435], [0.44927536231884063], [0.9855072463768116], [0.39130434782608703], [0.043478260869565286], [0.28985507246376807], [0.8405797101449277], [0.7971014492753624], [0.08695652173913046], [0.4057971014492754], [0.3623188405797102], [0.9130434782608696], [0.34782608695652173], [0.855072463768116], [1.0], [0.7536231884057971], [0.02898550724637682], [0.18840579710144928], [0.8695652173913043], [0.07246376811594199], [0.43478260869565216], [0.9710144927536233], [0.5217391304347827], [0.2753623188405797], [0.26086956521739124], [0.7391304347826088], [0.8115942028985508], [0.710144927536232], [0.47826086956521746], [0.33333333333333337], [0.3188405797101449], [0.5072463768115941], [0.8260869565217391], [0.0], [0.21739130434782608], [0.20289855072463775], [0.5942028985507247], [0.014492753623188352], [0.5507246376811594], [0.6231884057971014], [0.13043478260869562], [0.30434782608695654], [0.6086956521739131], [0.8985507246376813], [0.927536231884058], [0.6521739130434784], [0.05797101449275364], [0.15942028985507245], [0.7681159420289855], [0.23188405797101455], [0.6666666666666667], [0.9420289855072463], [0.6811594202898551], [0.17391304347826092]], "centres": [[0.4927536231884058], [0.5797101449275361], [0.6956521739130435], [0.44927536231884063], [0.9855072463768116], [0.39130434782608703], [0.043478260869565286], [0.28985507246376807], [0.8405797101449277], [0.7971014492753624], [0.08695652173913046], [0.4057971014492754], [0.3623188405797102], [0.9130434782608696], [0.34782608695652173], [0.855072463768116], [1.0], [0.7536231884057971], [0.02898550724637682], [0.18840579710144928], [0.8695652173913043], [0.07246376811594199], [0.43478260869565216], [0.9710144927536233], [0.5217391304347827], [0.2753623188405797], [0.26086956521739124], [0.7391304347826088], [0.8115942028985508], [0.710144927536232], [0.47826086956521746], [0.33333333333333337], [0.3188405797101449], [0.5072463768115941], [0.8260869565217391], [0.0], [0.21739130434782608], [0.20289855072463775], [0.5942028985507247], [0.014492753623188352], [0.5507246376811594], [0.6231884057971014], [0.13043478260869562], [0.30434782608695654], [0.6086956521739131], [0.8985507246376813], [0.927536231884058], [0.6521739130434784], [0.05797101449275364], [0.15942028985507245], [0.7681159420289855], [0.23188405797101455], [0.6666666666666667], [0.9420289855072463], [0.6811594202898551], [0.17391304347826092]], "basis_function": "gaussian", "weights": [[-46.54644906583508], [18.765430874915182], [31.484975026029133], [-14.825742938972326], [4.575113139006135], [7.05577117465873], [6.090788358843611], [47.74703625466236], [-265.53110984892555], [-46.971254289641365], [-10.739294176690578], [41.71175997207865], [-53.07991856864737], [18.78722220949203], [-42.271360565544455], [-79.06659867620328], [3.1861498897696947], [-31.26900566045424], [9.681960718632297], [-56.008991049189945], [42.63751273759044], [-13.499132016489057], [30.28569543737831], [2.536790882888454], [192.456408968088], [-45.496163439795964], [-200.37613341419092], [27.477182690370682], [84.42980753190659], [61.83479549245021], [-79.06680927641082], [-2.2804892230124096], [46.594008788699284], [46.57729803910479], [276.4246412261491], [-6.554745342625893], [42.171516175928446], [-38.15366804874202], [54.20800004855482], [3.2136749995936498], [-215.41520440142085], [6.834046824180405], [43.53162553653601], [73.20244822238328], [43.40968890643853], [66.57119250118922], [-20.458157515502535], [-51.41933319852251], [-4.790185639804349], [8.850889555063816], [-85.7695886303809], [185.28124571108583], [-43.317622298351125], [-30.5145125541203], [-10.602509348349486], [-30.819747159412515]], "sigma": 7.5, "regularization_parameter": 2e-05, "rmse": 0.0016732708035554385, "R2": 0.9999680997979192, "x_data_min": [[524.2424242424242]], "x_data_max": [[1500.0]], "y_data_min": [1301527.0450929974], "y_data_max": [3805682.5220401096]}, "map": {"x_data_columns": "list", "x_data": "numpy", "centres": "numpy", "basis_function": "str", "weights": "numpy", "sigma": "str", "regularization_parameter": "str", "rmse": "str", "R2": "str", "x_data_min": "numpy", "x_data_max": "numpy", "y_data_min": "numpy", "y_data_max": "numpy"}}, "land_req": {"attr": {"x_data_columns": ["system_capacity"], "x_data": [[0.4927536231884058], [0.5797101449275361], [0.6956521739130435], [0.44927536231884063], [0.9855072463768116], [0.39130434782608703], [0.043478260869565286], [0.28985507246376807], [0.8405797101449277], [0.7971014492753624], [0.08695652173913046], [0.4057971014492754], [0.3623188405797102], [0.9130434782608696], [0.34782608695652173], [0.855072463768116], [1.0], [0.7536231884057971], [0.02898550724637682], [0.18840579710144928], [0.8695652173913043], [0.07246376811594199], [0.43478260869565216], [0.9710144927536233], [0.5217391304347827], [0.2753623188405797], [0.26086956521739124], [0.7391304347826088], [0.8115942028985508], [0.710144927536232], [0.47826086956521746], [0.33333333333333337], [0.3188405797101449], [0.5072463768115941], [0.8260869565217391], [0.0], [0.21739130434782608], [0.20289855072463775], [0.5942028985507247], [0.014492753623188352], [0.5507246376811594], [0.6231884057971014], [0.13043478260869562], [0.30434782608695654], [0.6086956521739131], [0.8985507246376813], [0.927536231884058], [0.6521739130434784], [0.05797101449275364], [0.15942028985507245], [0.7681159420289855], [0.23188405797101455], [0.6666666666666667], [0.9420289855072463], [0.6811594202898551], [0.17391304347826092]], "centres": [[0.4927536231884058], [0.5797101449275361], [0.6956521739130435], [0.44927536231884063], [0.9855072463768116], [0.39130434782608703], [0.043478260869565286], [0.28985507246376807], [0.8405797101449277], [0.7971014492753624], [0.08695652173913046], [0.4057971014492754], [0.3623188405797102], [0.9130434782608696], [0.34782608695652173], [0.855072463768116], [1.0], [0.7536231884057971], [0.02898550724637682], [0.18840579710144928], [0.8695652173913043], [0.07246376811594199], [0.43478260869565216], [0.9710144927536233], [0.5217391304347827], [0.2753623188405797], [0.26086956521739124], [0.7391304347826088], [0.8115942028985508], [0.710144927536232], [0.47826086956521746], [0.33333333333333337], [0.3188405797101449], [0.5072463768115941], [0.8260869565217391], [0.0], [0.21739130434782608], [0.20289855072463775], [0.5942028985507247], [0.014492753623188352], [0.5507246376811594], [0.6231884057971014], [0.13043478260869562], [0.30434782608695654], [0.6086956521739131], [0.8985507246376813], [0.927536231884058], [0.6521739130434784], [0.05797101449275364], [0.15942028985507245], [0.7681159420289855], [0.23188405797101455], [0.6666666666666667], [0.9420289855072463], [0.6811594202898551], [0.17391304347826092]], "basis_function": "gaussian",