{"model_encoding": {"electricity_annual": {"attr": {"x_data_columns": ["system_capacity"], "x_data": [[0.30158730158730157], [0.6825396825396824], [0.8412698412698413], [0.3492063492063492], [0.6507936507936507], [0.9365079365079365], [0.36507936507936506], [0.015873015873015876], [0.9523809523809523], [0.9682539682539683], [0.2698412698412698], [0.20634920634920634], [0.7301587301587301], [0.07936507936507937], [0.14285714285714285], [0.619047619047619], [0.7142857142857142], [0.4444444444444444], [1.0], [0.0], [0.7460317460317459], [0.1111111111111111], [0.7936507936507935], [0.3809523809523809], [0.4126984126984127], [0.04761904761904763], [0.1746031746031746], [0.5238095238095238], [0.5555555555555555], [0.9206349206349206], [0.6349206349206349], [0.6666666666666666], [0.8888888888888888], [0.2857142857142857], [0.6984126984126984], [0.2222222222222222], [0.39682539682539675], [0.5873015873015872], [0.9047619047619048], [0.5079365079365079], [0.19047619047619044], [0.42857142857142855], [0.23809523809523808], [0.31746031746031744], [0.09523809523809522], [0.03174603174603175], [0.5714285714285714], [0.47619047619047616], [0.25396825396825395], [0.5396825396825397], [0.12698412698412698]], "centres": [[0.30158730158730157], [0.6825396825396824], [0.8412698412698413], [0.3492063492063492], [0.6507936507936507], [0.9365079365079365], [0.36507936507936506], [0.015873015873015876], [0.9523809523809523], [0.9682539682539683], [0.2698412698412698], [0.20634920634920634], [0.7301587301587301], [0.07936507936507937], [0.14285714285714285], [0.619047619047619], [0.7142857142857142], [0.4444444444444444], [1.0], [0.0], [0.7460317460317459], [0.1111111111111111], [0.7936507936507935], [0.3809523809523809], [0.4126984126984127], [0.04761904761904763], [0.1746031746031746], [0.5238095238095238], [0.5555555555555555], [0.9206349206349206], [0.6349206349206349], [0.6666666666666666], [0.8888888888888888], [0.2857142857142857], [0.6984126984126984], [0.2222222222222222], [0.39682539682539675], [0.5873015873015872], [0.9047619047619048], [0.5079365079365079], [0.19047619047619044], [0.42857142857142855], [0.23809523809523808], [0.31746031746031744], [0.09523809523809522], [0.03174603174603175], [0.5714285714285714], [0.47619047619047616], [0.25396825396825395], [0.5396825396825397], [0.12698412698412698]], "basis_function": "gaussian", "weights": [[-53.294051674820366], [-16.938473418325884], [84.83155537380117], [-55.35908787311382], [-32.35692793416092], [-0.20579141223424813], [33.952440574443244], [-81.58879380836015], [10.803970265493263], [9.038545729090401], [24.888299995319358], [-17.368690165516455], [268.47547240976655], [-194.40071241766884], [38.849496851382355], [-5.426532648618377], [134.9809616924158], [-34.644425017776484], [-0.37144337383165293], [7.518023788144466], [-405.64498103618143], [37.43797503084238], [14.072451558683497], [169.56898737858683], [-322.13372869176783], [204.82922928857738], [-22.471511224132428], [23.563050730124814], [-11.920948201570354], [-16.056530425776145], [-17.96465594382971], [-36.688298799501354], [-16.628238632425564], [-9.684955846012599], [38.56126889162988], [7.60000056555873], [336.3124506260083], [-5.085514306594632], [-24.67210219692788], [54.30703461689836], [-30.239762747672557], [-161.16148052615335], [30.823106260205805], [-87.88072770526287], [-44.133886597507626], [9.235275124153059], [-11.331724139192374], [81.23655415787361], [39.02538275049574], [-0.5961094071426487], [58.1586371056178]], "sigma": 5.0, "regularization_parameter": 2e-05, "rmse": 0.002285225666465294, "R2": 0.9999378245693444, "x_data_min": [[100.0]], "x_data_max": [[990.909090909091]], "y_data_min": [232420.235582634], "y_data_max": [2518678.27565071]}, "map": {"x_data_columns": "list", "x_data": "numpy", "centres": "numpy", "basis_function": "str", "weights": "numpy", "sigma": "str", "regularization_parameter": "str", "rmse": "str", "R2": "str", "x_data_min": "numpy", "x_data_max": "numpy", "y_data_min": "numpy", "y_data_max": "numpy"}}, "land_req": {"attr": {"x_data_columns": ["system_capacity"], "x_data": [[0.30158730158730157], [0.6825396825396824], [0.8412698412698413], [0.3492063492063492], [0.6507936507936507], [0.9365079365079365], [0.36507936507936506], [0.015873015873015876], [0.9523809523809523], [0.9682539682539683], [0.2698412698412698], [0.20634920634920634], [0.7301587301587301], [0.07936507936507937], [0.14285714285714285], [0.619047619047619], [0.7142857142857142], [0.4444444444444444], [1.0], [0.0], [0.7460317460317459], [0.1111111111111111], [0.7936507936507935], [0.3809523809523809], [0.4126984126984127], [0.04761904761904763], [0.1746031746031746], [0.5238095238095238], [0.5555555555555555], [0.9206349206349206], [0.6349206349206349], [0.6666666666666666], [0.8888888888888888], [0.2857142857142857], [0.6984126984126984], [0.2222222222222222], [0.39682539682539675], [0.5873015873015872], [0.9047619047619048], [0.5079365079365079], [0.19047619047619044], [0.42857142857142855], [0.23809523809523808], [0.31746031746031744], [0.09523809523809522], [0.03174603174603175], [0.5714285714285714], [0.47619047619047616], [0.25396825396825395], [0.5396825396825397], [0.12698412698412698]], "centres": [[0.30158730158730157], [0.6825396825396824], [0.8412698412698413], [0.3492063492063492], [0.6507936507936507], [0.9365079365079365], [0.36507936507936506], [0.015873015873015876], [0.9523809523809523], [0.9682539682539683], [0.2698412698412698], [0.20634920634920634], [0.7301587301587301], [0.07936507936507937], [0.14285714285714285], [0.619047619047619], [0.7142857142857142], [0.4444444444444444], [1.0], [0.0], [0.7460317460317459], [0.1111111111111111], [0.7936507936507935], [0.3809523809523809], [0.4126984126984127], [0.04761904761904763], [0.1746031746031746], [0.5238095238095238], [0.5555555555555555], [0.9206349206349206], [0.6349206349206349], [0.6666666666666666], [0.8888888888888888], [0.2857142857142857], [0.6984126984126984], [0.2222222222222222], [0.39682539682539675], [0.5873015873015872], [0.9047619047619048], [0.5079365079365079], [0.19047619047619044], [0.42857142857142855], [0.23809523809523808], [0.31746031746031744], [0.09523809523809522], [0.03174603174603175], [0.5714285714285714], [0.47619047619047616], [0.25396825396825395], [0.5396825396825397], [0.12698412698412698]], "basis_function": "gaussian", "weights": [[-53.26885258713082], [-17.01371898387879], [84.96132518854574], [-55.32535155927144], [-32.486432720990706], [-0.21923676402366254], [33.91056121855672], [-81.35811252144305], [10.812098526883346], [9.061006397652818], [24.839345428045817], [-17.279974018253597], [269.03503445950673], [-193.77731716490598], [38.65772188131132], [-5.430594793513592], [135.2573785432387], [-34.64715823616871], [-0.37370075065086894], [7.502474713890316], [-406.3073776266059], [37.33504113630602], [14.021752740707598], [169.42111407756965], [-321.7441994957135], [204.20452052622613], [-22.464402353698006], [23.51423309819984], [-11.844761647125779], [-16.088269099953322], [-18.04112460474971], [-36.822827242263884], [-16.62517273900994], [-9.704552148458788], [38.62173490770692], [7.64747046962475], [336.03538791155006], [-4.983449612349432], [-24.69953799013092], [54.19296640717539], [-30.16441913560584], [-160.9923954273163], [30.814144525776555], [-87.8153636215693], [-43.95027788970174], [9.198058500743164], [-11.226050492956347], [81.06917302486086], [38.981338832428264], [-0.5734019318388164], [57.95342257328957]], "sigma": 5.0, "regularization_parameter": 2e-05, "rmse": 0.0022847861360253507, "R2": 0.9999378242818986, "x_data_min": [[100.0]], "x_data_max": [[990.909090909091]], "y_data_min": [0.41652018800000007], "y_data_max": [3.986693228]}, "map": {"x_data_columns": "list", "x_data": "numpy", "centres": "numpy", "basis_function": "str", "weights": "numpy", "sigma": "str", "regularization_parameter": "str", "rmse": "str", "R2": "str", "x_data_min": "numpy", "x_data_max": "numpy", "y_data_min": "numpy",