{"model_encoding": {"heat_annual_scaled": {"attr": {"x_data_columns": ["system_capacity", "hours_storage"], "x_data": [[0.09556459054609795, 0.0], [0.4631108053663902, 1.0], [0.31037386254583466, 0.42857142857142855], [0.8149355688957843, 1.0], [0.04397557495912732, 1.0], [0.903775988498442, 1.0], [0.5227108129421071, 0.42857142857142855], [0.357279791697378, 0.0], [0.26706718303156174, 1.0], [1.0, 0.0], [0.4631108053663902, 0.0], [0.19016803522840137, 0.42857142857142855], [0.5227108129421071, 0.0], [0.357279791697378, 0.42857142857142855], [0.5872642205026356, 0.0], [0.5872642205026356, 0.42857142857142855], [0.26706718303156174, 0.42857142857142855], [1.0, 0.42857142857142855], [0.4080841067417695, 0.0], [0.357279791697378, 1.0], [0.6571827087239943, 0.42857142857142855], [0.06874094864162382, 0.0], [0.8149355688957843, 0.42857142857142855], [0.12461756484173682, 0.42857142857142855], [0.7329121733626587, 1.0], [0.021110531658225386, 0.0], [0.15608515296526704, 1.0], [0.903775988498442, 0.42857142857142855], [0.0, 0.42857142857142855], [0.0, 1.0], [0.12461756484173682, 0.0], [0.021110531658225386, 1.0], [0.31037386254583466, 0.0], [0.09556459054609795, 0.42857142857142855], [0.021110531658225386, 0.42857142857142855], [0.7329121733626587, 0.0], [0.06874094864162382, 0.42857142857142855], [0.6571827087239943, 0.0], [0.5872642205026356, 1.0], [0.04397557495912732, 0.42857142857142855], [0.2270835706295417, 0.42857142857142855], [0.903775988498442, 0.0], [0.4631108053663902, 0.42857142857142855], [0.19016803522840137, 0.0], [0.2270835706295417, 0.0], [0.4080841067417695, 1.0], [0.2270835706295417, 1.0], [0.4080841067417695, 0.42857142857142855], [0.8149355688957843, 0.0], [0.15608515296526704, 0.42857142857142855]], "centres": [[0.09556459054609795, 0.0], [0.4631108053663902, 1.0], [0.31037386254583466, 0.42857142857142855], [0.8149355688957843, 1.0], [0.04397557495912732, 1.0], [0.903775988498442, 1.0], [0.5227108129421071, 0.42857142857142855], [0.357279791697378, 0.0], [0.26706718303156174, 1.0], [1.0, 0.0], [0.4631108053663902, 0.0], [0.19016803522840137, 0.42857142857142855], [0.5227108129421071, 0.0], [0.357279791697378, 0.42857142857142855], [0.5872642205026356, 0.0], [0.5872642205026356, 0.42857142857142855], [0.26706718303156174, 0.42857142857142855], [1.0, 0.42857142857142855], [0.4080841067417695, 0.0], [0.357279791697378, 1.0], [0.6571827087239943, 0.42857142857142855], [0.06874094864162382, 0.0], [0.8149355688957843, 0.42857142857142855], [0.12461756484173682, 0.42857142857142855], [0.7329121733626587, 1.0], [0.021110531658225386, 0.0], [0.15608515296526704, 1.0], [0.903775988498442, 0.42857142857142855], [0.0, 0.42857142857142855], [0.0, 1.0], [0.12461756484173682, 0.0], [0.021110531658225386, 1.0], [0.31037386254583466, 0.0], [0.09556459054609795, 0.42857142857142855], [0.021110531658225386, 0.42857142857142855], [0.7329121733626587, 0.0], [0.06874094864162382, 0.42857142857142855], [0.6571827087239943, 0.0], [0.5872642205026356, 1.0], [0.04397557495912732, 0.42857142857142855], [0.2270835706295417, 0.42857142857142855], [0.903775988498442, 0.0], [0.4631108053663902, 0.42857142857142855], [0.19016803522840137, 0.0], [0.2270835706295417, 0.0], [0.4080841067417695, 1.0], [0.2270835706295417, 1.0], [0.4080841067417695, 0.42857142857142855], [0.8149355688957843, 0.0], [0.15608515296526704, 0.42857142857142855]], "basis_function": "gaussian", "weights": [[-8.18410530133906], [77.7846330650209], [31.21851102640494], [114.0743375891866], [3.123737441531034], [43.31561361090883], [-139.7779078392964], [-0.713508614554712], [94.91165999505552], [-6.606903797648442], [4.963472125934004], [74.37084909472719], [-12.668989059986302], [-45.196253051856274], [-0.7975275616804538], [-8.41296042191334], [76.66604759029747], [-61.54033705611937], [-15.224634962115942], [-23.892909374837018], [77.37410013468207], [20.166094068257962], [103.59345325626964], [-34.652844193666056], [-239.82692645557745], [-10.030282231646709], [42.790157533718], [44.90805235247535], [46.71520428268343], [52.50320715692715], [2.2068374894785165], [-150.0682258284885], [7.12931013644868], [-127.41841200509111], [-153.12035747440126], [-32.106865037760144], [121.72203954810675], [7.148023033613299], [16.279535967944867], [-1.825663937251079], [87.5807053762594], [1.7784507305093484], [52.54980574722913], [15.029174430623584], [14.378685308767103], [-139.98192463183204], [104.02095786475593], [-163.0953900208815], [5.414276463496208], [31.22869720602091]], "sigma": 0.5, "regularization_parameter": 0.0001, "rmse": 0.007757843967899173, "R2": 0.9991337645306642, "x_data_min": [[10.12774737212259, 3.0]], "x_data_max": [[50.0, 24.0]], "y_data_min": [0.15998551297838381], "y_data_max": [1.0]}, "map": {"x_data_columns": "list", "x_data": "numpy", "centres": "numpy", "basis_function": "str", "weights": "numpy", "sigma": "str", "regularization_parameter": "str", "rmse": "str", "R2": "str", "x_data_min": "numpy", "x_data_max": "numpy", "y_data_min": "numpy", "y_data_max": "numpy"}}, "electricity_annual_scaled": {"attr": {"x_data_columns": ["system_capacity", "hours_storage"], "x_data": [[0.09556459054609795, 0.0], [0.4631108053663902, 1.0], [0.31037386254583466, 0.42857142857142855], [0.8149355688957843, 1.0], [0.04397557495912732, 1.0], [0.903775988498442, 1.0], [0.5227108129421071, 0.42857142857142855], [0.357279791697378, 0.0], [0.26706718303156174, 1.0], [1.0, 0.0], [0.4631108053663902, 0.0], [0.19016803522840137, 0.42857142857142855], [0.5227108129421071, 0.0], [0.357279791697378, 0.42857142857142855], [0.5872642205026356, 0.0], [0.5872642205026356, 0.42857142857142855], [0.26706718303156174, 0.42857142857142855], [1.0, 0.42857142857142855], [0.4080841067417695, 0.0], [0.357279791697378, 1.0], [0.6571827087239943, 0.42857142857142855], [0.06874094864162382, 0.0], [0.8149355688957843, 0.42857142857142855], [0.12461756484173682, 0.42857142857142855], [0.7329121733626587, 1.0], [0.021110531658225386, 0.0], [0.15608515296526704, 1.0], [0.903775988498442, 0.42857142857142855], [0.0, 0.42857142857142855], [0.0, 1.0], [0.12461756484173682, 0.0], [0.021110531658225386, 1.0], [0.31037386254583466, 0.0], [0.09556459054609795, 0.42857142857142855], [0.021110531658225386, 0.42857142857142855], [0.7329121733626587, 0.0], [0.06874094864162382, 0.42857142857142855], [0.6571827087239943, 0.0], [0.5872642205026356, 1.0], [0.04397557495912732, 0.42857142857142855], [0.2270835706295417, 0.42857142857142855], [0.903775988498442, 0.0], [0.4631108053663902, 0.42857142857142855], [0.19016803522840137, 0.0], [0.2270835706295417, 0.0], [0.4080841067417695, 1.0], [0.2270835706295417, 1.0], [0.4080841067417695, 0.42857142857142855], [0.8149355688957843, 0.0], [0.15608515296526704, 0.42857142857142855]],