{"model_encoding": {"annual_energy": {"attr": {"x_data_columns": ["design_size"], "x_data": [[0.707070707070707], [0.030303030303030304], [0.3131313131313131], [0.1919191919191919], [0.3535353535353535], [0.9191919191919191], [0.7474747474747474], [0.10101010101010101], [0.7676767676767676], [0.1414141414141414], [0.797979797979798], [0.2525252525252525], [0.7171717171717171], [0.6666666666666666], [0.7575757575757576], [0.06060606060606061], [0.3838383838383838], [0.3636363636363636], [0.9292929292929293], [0.40404040404040403], [0.4242424242424242], [0.1313131313131313], [0.050505050505050504], [0.5656565656565656], [0.8282828282828283], [0.0], [0.0101010101010101], [0.5252525252525252], [0.1616161616161616], [0.0808080808080808], [0.0707070707070707], [1.0], [0.24242424242424243], [0.7777777777777778], [0.9898989898989898], [0.9797979797979798], [0.8989898989898989], [0.8383838383838385], [0.5454545454545454], [0.4949494949494949], [0.7272727272727272], [0.2121212121212121], [0.696969696969697], [0.9595959595959596], [0.47474747474747475], [0.505050505050505], [0.6363636363636364], [0.1818181818181818], [0.7373737373737373], [0.8686868686868686], [0.5757575757575758], [0.23232323232323232], [0.2727272727272727], [0.6767676767676768], [0.3232323232323232], [0.5555555555555556], [0.8181818181818181], [0.46464646464646464], [0.5151515151515151], [0.0909090909090909], [0.606060606060606], [0.8080808080808081], [0.3939393939393939], [0.5353535353535354], [0.8888888888888888], [0.3434343434343434], [0.1111111111111111], [0.2222222222222222], [0.41414141414141414], [0.8787878787878787], [0.7878787878787878], [0.20202020202020202], [0.3333333333333333], [0.2626262626262626], [0.6262626262626262], [0.48484848484848486], [0.4444444444444444], [0.9090909090909091], [0.12121212121212122], [0.9393939393939393]], "centres": [[0.707070707070707], [0.030303030303030304], [0.3131313131313131], [0.1919191919191919], [0.3535353535353535], [0.9191919191919191], [0.7474747474747474], [0.10101010101010101], [0.7676767676767676], [0.1414141414141414], [0.797979797979798], [0.2525252525252525], [0.7171717171717171], [0.6666666666666666], [0.7575757575757576], [0.06060606060606061], [0.3838383838383838], [0.3636363636363636], [0.9292929292929293], [0.40404040404040403], [0.4242424242424242], [0.1313131313131313], [0.050505050505050504], [0.5656565656565656], [0.8282828282828283], [0.0], [0.0101010101010101], [0.5252525252525252], [0.1616161616161616], [0.0808080808080808], [0.0707070707070707], [1.0], [0.24242424242424243], [0.7777777777777778], [0.9898989898989898], [0.9797979797979798], [0.8989898989898989], [0.8383838383838385], [0.5454545454545454], [0.4949494949494949], [0.7272727272727272], [0.2121212121212121], [0.696969696969697], [0.9595959595959596], [0.47474747474747475], [0.505050505050505], [0.6363636363636364], [0.1818181818181818], [0.7373737373737373], [0.8686868686868686], [0.5757575757575758], [0.23232323232323232], [0.2727272727272727], [0.6767676767676768], [0.3232323232323232], [0.5555555555555556], [0.8181818181818181], [0.46464646464646464], [0.5151515151515151], [0.0909090909090909], [0.606060606060606], [0.8080808080808081], [0.3939393939393939], [0.5353535353535354], [0.8888888888888888], [0.3434343434343434], [0.1111111111111111], [0.2222222222222222], [0.41414141414141414], [0.8787878787878787], [0.7878787878787878], [0.20202020202020202], [0.3333333333333333], [0.2626262626262626], [0.6262626262626262], [0.48484848484848486], [0.4444444444444444], [0.9090909090909091], [0.12121212121212122], [0.9393939393939393]], "basis_function": "gaussian", "weights": [[7.557659474608954], [-13.580571363857871], [-0.0013114429384586401], [8.936002747402199], [18.562123829644406], [-5.191113421969931], [-15.230376695184532], [7.228545765899071], [-24.055019284009177], [-9.217174556850296], [-2.195791781767184], [20.469328475786824], [0.6792154013965046], [-10.825834495968593], [-17.389650103203167], [-20.321918088309758], [6.118492608606175], [12.88368118994913], [-3.0478884089607163], [-0.6826250540143519], [-7.544862441187433], [-3.732126722628891], [-15.647040309176646], [4.822599111117597], [-15.729523441979836], [-5.8719127886574825], [-6.301883643344354], [20.570473820982443], [-15.495274638637056], [12.252416945399546], [-19.714832850237144], [42.85383465425548], [-10.430752108819433], [-30.637398890896293], [40.70707259204937], [39.34781702843975], [1.1216636804674636], [-16.798930011224], [12.809819515798154], [-2.570614328273223], [-1.605159066948545], [2.149278554663397], [-26.83174891267845], [-2.4552845378748316], [4.701073110270954], [-8.56970857808119], [4.925748128294799], [14.592126194759658], [-8.436272208135051], [-27.631664374486718], [-1.5443324243206007], [-4.714176599261009], [13.663103518265416], [-13.088172614239738], [-5.679703028239601], [6.552610227088735], [-9.871294108343136], [10.57416181471126], [-10.026225160992908], [12.108300760472048], [-16.412098956221598], [-8.409007852547802], [5.006987513850618], [19.005955647524388], [0.33982090665085707], [24.233254239854432], [2.0473554274076378], [-3.5733766860075775], [-6.393512371443649], [4.525621414701163], [4.157110718064359], [7.824619262700253], [-11.362762508499145], [19.385104925517226], [11.620692711258016], [3.3777877848806384], [17.624797227188537], [-2.25965603471559], [1.5298592178987747], [-4.958699834096478]], "sigma": 0.5, "regularization_parameter": 1e-05, "rmse": 0.0001448967594405131, "R2": 0.9999997565062678, "x_data_min": [[10.0]], "x_data_max": [[10000.0]], "y_data_min": [25279.514640115292], "y_data_max": [22646995.556103665]}, "map": {"x_data_columns": "list", "x_data": "numpy", "centres": "numpy", "basis_function": "str", "weights": "numpy", "sigma": "str", "regularization_parameter": "str", "rmse": "str", "R2": "str", "x_data_min": "numpy", "x_data_max": "numpy", "y_data_min": "numpy", "y_data_max": "numpy"}}, "land_req": {"attr": {"x_data_columns": ["design_size"], "x_data": [[0.707070707070707], [0.030303030303030304], [0.3131313131313131], [0.1919191919191919], [0.3535353535353535], [0.9191919191919191], [0.7474747474747474], [0.10101010101010101], [0.7676767676767676], [0.1414141414141414], [0.797979797979798], [0.2525252525252525], [0.7171717171717171], [0.6666666666666666], [0.7575757575757576], [0.06060606060606061], [0.3838383838383838], [0.3636363636363636], [0.9292929292929293], [0.40404040404040403], [0.4242424242424242], [0.1313131313131313], [0.050505050505050504], [0.5656565656565656], [0.8282828282828283], [0.0], [0.0101010101010101], [0.5252525252525252], [0.1616161616161616], [0.0808080808080808], [0.0707070707070707], [1.0], [0.24242424242424243], [0.7777777777777778], [0.9898989898989898], [0.9797979797979798], [0.8989898989898989], [0.8383838383838385], [0.5454545454545454], [0.4949494949494949], [0.7272727272727272], [0.2121212121212121], [0.696969696969697], [0.9595959595959596], [0.47474747474747475], [0.505050505050505], [0.6363636363636364], [0.1818181818181818], [0.7373737373737373], [0.8686868686868686], [0.5757575757575758], [0.23232323232323232], [0.2727272727272727], [0.6767676767676768], [0.3232323232323232], [0.5555555555555556], [0.8181818181818181], [0.46464646464646464], [0.5151515151515151], [0.0909090909090909], [0.606060606060606], [0.8080808080808081], [0.3939393939393939], [0.5353535353535354], [0.8888888888888888], [0.3434343434343434], [0.1111111111111111], [0.2222222222222222], [0.41414141414141414], [0.8787878787878787], [0.7878787878787878], [0.20202020202020202], [0.3333333333333333], [0.2626262626262626], [0.6262626262626262], [0.48484848484848486], [0.4444444444444444], [0.9090909090909091], [0.12121212121212122], [0.9393939393939393]],