{"model_encoding": {"heat_annual": {"attr": {"x_data_columns": ["heat_load"], "x_data": [[0.15764785553041494], [0.20201790908255396], [0.0003259764055407482], [0.2586805070758556], [0.0041595488610503], [0.015222534566359079], [0.1784782349694734], [0.009778575650326377], [0.08439413784957879], [0.04464631507821066], [0.02013422718953941], [0.6921617451616385], [0.00836465398834166], [0.03921929704652458], [0.0507791959623755], [0.001110637651644964], [0.2926516564915347], [0.013182041405297976], [0.37442396877861844], [0.023078953515107303], [1.0], [0.0], [0.005026535266363169], [0.006006285899386613], [0.030167235331771375], [0.017528423625263276], [0.78251345226568], [0.026406684450536233], [0.33104124938547913], [0.5414585000344082], [0.05770974745856596], [0.06554171826454858], [0.07439235110949327], [0.011376398447645994], [0.47885097048735065], [0.003392348104386597], [0.10846954426963974], [0.0006943507972522342], [0.0021126861323095313], [0.034416900705794645]], "centres": [[0.15764785553041494], [0.20201790908255396], [0.0003259764055407482], [0.2586805070758556], [0.0041595488610503], [0.015222534566359079], [0.1784782349694734], [0.009778575650326377], [0.08439413784957879], [0.04464631507821066], [0.02013422718953941], [0.6921617451616385], [0.00836465398834166], [0.03921929704652458], [0.0507791959623755], [0.001110637651644964], [0.2926516564915347], [0.013182041405297976], [0.37442396877861844], [0.023078953515107303], [1.0], [0.0], [0.005026535266363169], [0.006006285899386613], [0.030167235331771375], [0.017528423625263276], [0.78251345226568], [0.026406684450536233], [0.33104124938547913], [0.5414585000344082], [0.05770974745856596], [0.06554171826454858], [0.07439235110949327], [0.011376398447645994], [0.47885097048735065], [0.003392348104386597], [0.10846954426963974], [0.0006943507972522342], [0.0021126861323095313], [0.034416900705794645]], "basis_function": "gaussian", "weights": [[13.028721601782394], [14.281992802302739], [-0.35267632025434636], [13.236429206605862], [-1.6960094423426995], [-2.2538655583579263], [13.815550851461694], [-4.643852539475162], [8.341156234744794], [-8.374424571688394], [-3.325046469468873], [42.53572593062381], [-3.905257133960504], [-7.231112786640892], [5.570528534912597], [-1.0751724325259602], [10.938080785589136], [-1.8787130487393142], [-1.3669623902487729], [-3.920399324124375], [-1.098926331684595], [-0.8012724021509996], [-2.1760035052178353], [-2.6470282157358724], [-5.418298078083012], [-2.759997389447861], [7.742008749910838], [-4.647299456837402], [6.412459637193024], [-61.702383763176385], [6.153658464241957], [6.792213699856461], [7.587994068501359], [-1.4308757163633832], [-33.25621857294391], [-1.2388605486006696], [10.251583307054588], [-0.672236913631707], [-1.9288402967765705], [-6.294015066286875]], "sigma": 0.75, "regularization_parameter": 0.0001, "rmse": 0.0014448229789484732, "R2": 0.9999622889891007, "x_data_min": [[0.5]], "x_data_max": [[200.0]], "y_data_min": [533505.5343890492], "y_data_max": [256069083.955059]}, "map": {"x_data_columns": "list", "x_data": "numpy", "centres": "numpy", "basis_function": "str", "weights": "numpy", "sigma": "str", "regularization_parameter": "str", "rmse": "str", "R2": "str", "x_data_min": "numpy", "x_data_max": "numpy", "y_data_min": "numpy", "y_data_max": "numpy"}}, "electricity_annual": {"attr": {"x_data_columns": ["heat_load"], "x_data": [[0.15764785553041494], [0.20201790908255396], [0.0003259764055407482], [0.2586805070758556], [0.0041595488610503], [0.015222534566359079], [0.1784782349694734], [0.009778575650326377], [0.08439413784957879], [0.04464631507821066], [0.02013422718953941], [0.6921617451616385], [0.00836465398834166], [0.03921929704652458], [0.0507791959623755], [0.001110637651644964], [0.2926516564915347], [0.013182041405297976], [0.37442396877861844], [0.023078953515107303], [1.0], [0.0], [0.005026535266363169], [0.006006285899386613], [0.030167235331771375], [0.017528423625263276], [0.78251345226568], [0.026406684450536233], [0.33104124938547913], [0.5414585000344082], [0.05770974745856596], [0.06554171826454858], [0.07439235110949327], [0.011376398447645994], [0.47885097048735065], [0.003392348104386597], [0.10846954426963974], [0.0006943507972522342], [0.0021126861323095313], [0.034416900705794645]], "centres": [[0.15764785553041494], [0.20201790908255396], [0.0003259764055407482], [0.2586805070758556], [0.0041595488610503], [0.015222534566359079], [0.1784782349694734], [0.009778575650326377], [0.08439413784957879], [0.04464631507821066], [0.02013422718953941], [0.6921617451616385], [0.00836465398834166], [0.03921929704652458], [0.0507791959623755], [0.001110637651644964], [0.2926516564915347], [0.013182041405297976], [0.37442396877861844], [0.023078953515107303], [1.0], [0.0], [0.005026535266363169], [0.006006285899386613], [0.030167235331771375], [0.017528423625263276], [0.78251345226568], [0.026406684450536233], [0.33104124938547913], [0.5414585000344082], [0.05770974745856596], [0.06554171826454858], [0.07439235110949327], [0.011376398447645994], [0.47885097048735065], [0.003392348104386597], [0.10846954426963974], [0.0006943507972522342], [0.0021126861323095313], [0.034416900705794645]], "basis_function": "gaussian", "weights": [[-73.31737228029533], [0.2977344185419497], [98.00952520377207], [146.4292127558183], [68.80470102717797], [20.843991256954553], [-45.70037669227713], [-18.133812568969688], [-24.583539395478965], [-291.02107289836067], [-29.129239072985456], [1166.7714388922395], [4.318318943410247], [-233.23120209614535], [59.63727891779763], [82.94545708536091], [232.2046371394872], [40.66150932253993], [293.8155732790292], [-59.386055787707846], [-10.433346749242446], [86.27782310789269], [56.04134502457933], [41.74924766709276], [-134.55072920043176], [-2.4100943810310014], [-447.1914806234636], [-94.47592644521137], [296.5841813564912], [-1066.8034317361926], [39.84986226665933], [16.769503172727127], [-3.7396417294330604], [60.24180511295731], [-262.9475157591587], [80.09622142317667], [-70.39703193621472], [91.23709034175317], [63.6515305968711], [-179.4731952877413]], "sigma": 1.0, "regularization_parameter": 1e-05, "rmse": 0.002871360341740168, "R2": 0.9998486697845553, "x_data_min": [[0.5]], "x_data_max": [[200.0]], "y_data_min": [37316.458195948806], "y_data_max": [17526875.89659781]}, "map": {"x_data_columns": "list", "x_data": "numpy", "centres": "numpy", "basis_function": "str", "weights": "numpy", "sigma": "str", "regularization_parameter": "str", "rmse": "str", "R2": "str", "x_data_min": "numpy", "x_data_max": "numpy", "y_data_min": "numpy", "y_data_max": "numpy"}}}, "input_labels": ["heat_load"], "output_labels": ["heat_annual", "electricity_annual"], "input_bounds": {"heat_load": [0.5, 200]}, "surrogate_type": "rbf"}