{"model_encoding": {"annual_energy": {"attr": {"x_data_columns": ["design_size"], "x_data": [[0.9191919191919191], [0.6262626262626262], [0.1717171717171717], [0.2626262626262626], [0.29292929292929293], [0.2727272727272727], [0.2828282828282828], [0.7272727272727272], [0.10101010101010101], [0.6363636363636364], [0.47474747474747475], [0.8787878787878787], [0.505050505050505], [0.5151515151515151], [0.1313131313131313], [0.24242424242424243], [0.5959595959595959], [1.0], [0.1414141414141414], [0.3535353535353535], [0.40404040404040403], [0.050505050505050504], [0.6565656565656566], [0.9292929292929293], [0.41414141414141414], [0.7777777777777778], [0.8888888888888888], [0.4343434343434343], [0.8484848484848484], [0.1111111111111111], [0.0808080808080808], [0.4949494949494949], [0.3939393939393939], [0.46464646464646464], [0.4242424242424242], [0.2222222222222222], [0.9696969696969697], [0.7676767676767676], [0.6161616161616161], [0.303030303030303], [0.8686868686868686], [0.7171717171717171], [0.06060606060606061], [0.8383838383838385], [0.606060606060606], [0.8080808080808081], [0.3737373737373737], [0.3232323232323232], [0.8989898989898989], [0.3636363636363636], [0.6868686868686869], [0.7474747474747474], [0.1919191919191919], [0.9898989898989898], [0.0404040404040404], [0.696969696969697], [0.1818181818181818], [0.9595959595959596], [0.1616161616161616], [0.6666666666666666], [0.0909090909090909], [0.3333333333333333], [0.9393939393939393], [0.5858585858585859], [0.0], [0.1515151515151515], [0.6767676767676768], [0.0707070707070707], [0.5454545454545454], [0.3434343434343434], [0.3131313131313131], [0.797979797979798], [0.45454545454545453], [0.8585858585858587], [0.5252525252525252], [0.9090909090909091], [0.12121212121212122], [0.20202020202020202], [0.6464646464646464], [0.5555555555555556], [0.2121212121212121], [0.8181818181818181], [0.7575757575757576], [0.9797979797979798], [0.7373737373737373], [0.0202020202020202], [0.5353535353535354], [0.48484848484848486], [0.2525252525252525], [0.030303030303030304]], "centres": [[0.9191919191919191], [0.6262626262626262], [0.1717171717171717], [0.2626262626262626], [0.29292929292929293], [0.2727272727272727], [0.2828282828282828], [0.7272727272727272], [0.10101010101010101], [0.6363636363636364], [0.47474747474747475], [0.8787878787878787], [0.505050505050505], [0.5151515151515151], [0.1313131313131313], [0.24242424242424243], [0.5959595959595959], [1.0], [0.1414141414141414], [0.3535353535353535], [0.40404040404040403], [0.050505050505050504], [0.6565656565656566], [0.9292929292929293], [0.41414141414141414], [0.7777777777777778], [0.8888888888888888], [0.4343434343434343], [0.8484848484848484], [0.1111111111111111], [0.0808080808080808], [0.4949494949494949], [0.3939393939393939], [0.46464646464646464], [0.4242424242424242], [0.2222222222222222], [0.9696969696969697], [0.7676767676767676], [0.6161616161616161], [0.303030303030303], [0.8686868686868686], [0.7171717171717171], [0.06060606060606061], [0.8383838383838385], [0.606060606060606], [0.8080808080808081], [0.3737373737373737], [0.3232323232323232], [0.8989898989898989], [0.3636363636363636], [0.6868686868686869], [0.7474747474747474], [0.1919191919191919], [0.9898989898989898], [0.0404040404040404], [0.696969696969697], [0.1818181818181818], [0.9595959595959596], [0.1616161616161616], [0.6666666666666666], [0.0909090909090909], [0.3333333333333333], [0.9393939393939393], [0.5858585858585859], [0.0], [0.1515151515151515], [0.6767676767676768], [0.0707070707070707], [0.5454545454545454], [0.3434343434343434], [0.3131313131313131], [0.797979797979798], [0.45454545454545453], [0.8585858585858587], [0.5252525252525252], [0.9090909090909091], [0.12121212121212122], [0.20202020202020202], [0.6464646464646464], [0.5555555555555556], [0.2121212121212121], [0.8181818181818181], [0.7575757575757576], [0.9797979797979798], [0.7373737373737373], [0.0202020202020202], [0.5353535353535354], [0.48484848484848486], [0.2525252525252525], [0.030303030303030304]], "basis_function": "gaussian", "weights": [[-5.738722019495071], [13.24374482586434], [18.676426345522284], [16.915116109492683], [4.281539393667013], [11.156726889378307], [9.980213232050863], [0.998224684410647], [7.347691881095843], [6.691215554803024], [3.8163564120292732], [5.41568758275906], [-8.955703732372807], [-10.240441217478866], [-4.39789745815134], [-12.786227130597956], [-8.715633520757205], [37.799284318793994], [-10.113335591332621], [16.22591885257023], [-2.5528742530546045], [-13.90905555356486], [-1.9832270545468718], [-4.034701845329044], [-8.14358311157891], [-28.067272075220583], [0.9165292291777246], [21.91513802537948], [-20.547763488666057], [1.8892415775318665], [12.97279179466848], [-3.1260641870894847], [3.024892920615938], [9.530930317061317], [-9.166949054183293], [-5.75709939045988], [31.062733523494558], [-21.44195289518238], [19.736122513456973], [-1.4177995025612027], [-26.45742828567194], [3.2393618403331383], [-18.938453088755374], [-14.938133900745129], [-15.093320519207944], [-6.09122377264261], [9.61750876968724], [-8.170756945176654], [1.3549127597511947], [10.621063059622065], [-17.604120843868962], [-12.587686816899817], [7.120729271252582], [36.34615585579291], [-9.588880481963905], [-24.40075883220646], [12.929868062003747], [-4.9655430362967925], [-16.805462507031496], [-8.68199725877905], [12.520292786537775], [-13.813597331162802], [-6.418431207114771], [-6.979694706428593], [-2.1369017339159186], [-11.10180152461202], [-10.837332115181075], [-18.670605369709257], [13.117961565571063], [21.834169996474618], [-2.5206685947287943], [0.22761444011790832], [15.20896350634187], [-25.924069143581047], [20.52967575379286], [-2.4008773963837835], [1.1101022345892253], [5.871524965262922], [4.666810916294728], [7.034834007144628], [0.07342015284825934], [-7.681870026392446], [-14.752700811725198], [35.64159075856482], [-5.805073156495927], [-6.120707703974802], [19.139514764126], [2.655878676329051], [18.049556039732483], [-11.088198235274202]], "sigma": 0.5, "regularization_parameter": 1e-05, "rmse": 0.00014194168112964664, "R2": 0.9999997653298187, "x_data_min": [[10.0]], "x_data_max": [[10000.0]], "y_data_min": [25279.514640115292], "y_data_max": [22646995.556103665]}, "map": {"x_data_columns": "list", "x_data": "numpy", "centres": "numpy", "basis_function": "str", "weights": "numpy", "sigma": "str", "regularization_parameter": "str", "rmse": "str", "R2": "str", "x_data_min": "numpy", "x_data_max": "numpy", "y_data_min": "numpy", "y_data_max": "numpy"}}, "land_req": {"attr": {"x_data_columns": ["design_size"],