{"model_encoding": {"annual_energy": {"attr": {"x_data_columns": ["design_size"], "x_data": [[0.2727272727272727], [0.1515151515151515], [0.6767676767676768], [0.3333333333333333], [0.505050505050505], [0.5555555555555556], [0.6868686868686869], [0.8080808080808081], [0.050505050505050504], [0.8585858585858587], [0.7777777777777778], [0.7373737373737373], [0.9292929292929293], [0.7575757575757576], [0.8282828282828283], [0.46464646464646464], [0.1616161616161616], [0.6464646464646464], [0.1919191919191919], [0.3535353535353535], [0.6161616161616161], [0.8484848484848484], [1.0], [0.3131313131313131], [0.4343434343434343], [0.9191919191919191], [0.797979797979798], [0.2222222222222222], [0.7171717171717171], [0.7878787878787878], [0.7272727272727272], [0.2525252525252525], [0.12121212121212122], [0.20202020202020202], [0.8686868686868686], [0.5252525252525252], [0.030303030303030304], [0.47474747474747475], [0.3737373737373737], [0.2121212121212121], [0.40404040404040403], [0.1717171717171717], [0.303030303030303], [0.0101010101010101], [0.48484848484848486], [0.606060606060606], [0.1313131313131313], [0.9494949494949495], [0.5353535353535354], [0.0909090909090909], [0.9595959595959596], [0.3838383838383838], [0.8989898989898989], [0.5858585858585859], [0.0404040404040404], [0.6363636363636364], [0.3434343434343434], [0.0], [0.06060606060606061], [0.3939393939393939], [0.6565656565656566], [0.8383838383838385], [0.0202020202020202], [0.10101010101010101], [0.4444444444444444], [0.707070707070707], [0.7676767676767676], [0.1111111111111111], [0.45454545454545453], [0.4242424242424242], [0.29292929292929293], [0.1414141414141414], [0.0808080808080808], [0.2828282828282828], [0.9797979797979798], [0.23232323232323232], [0.5959595959595959], [0.8181818181818181], [0.9090909090909091], [0.3232323232323232], [0.5151515151515151], [0.5757575757575758], [0.8888888888888888], [0.6262626262626262], [0.4949494949494949], [0.1818181818181818], [0.696969696969697], [0.2626262626262626], [0.9898989898989898], [0.6666666666666666]], "centres": [[0.2727272727272727], [0.1515151515151515], [0.6767676767676768], [0.3333333333333333], [0.505050505050505], [0.5555555555555556], [0.6868686868686869], [0.8080808080808081], [0.050505050505050504], [0.8585858585858587], [0.7777777777777778], [0.7373737373737373], [0.9292929292929293], [0.7575757575757576], [0.8282828282828283], [0.46464646464646464], [0.1616161616161616], [0.6464646464646464], [0.1919191919191919], [0.3535353535353535], [0.6161616161616161], [0.8484848484848484], [1.0], [0.3131313131313131], [0.4343434343434343], [0.9191919191919191], [0.797979797979798], [0.2222222222222222], [0.7171717171717171], [0.7878787878787878], [0.7272727272727272], [0.2525252525252525], [0.12121212121212122], [0.20202020202020202], [0.8686868686868686], [0.5252525252525252], [0.030303030303030304], [0.47474747474747475], [0.3737373737373737], [0.2121212121212121], [0.40404040404040403], [0.1717171717171717], [0.303030303030303], [0.0101010101010101], [0.48484848484848486], [0.606060606060606], [0.1313131313131313], [0.9494949494949495], [0.5353535353535354], [0.0909090909090909], [0.9595959595959596], [0.3838383838383838], [0.8989898989898989], [0.5858585858585859], [0.0404040404040404], [0.6363636363636364], [0.3434343434343434], [0.0], [0.06060606060606061], [0.3939393939393939], [0.6565656565656566], [0.8383838383838385], [0.0202020202020202], [0.10101010101010101], [0.4444444444444444], [0.707070707070707], [0.7676767676767676], [0.1111111111111111], [0.45454545454545453], [0.4242424242424242], [0.29292929292929293], [0.1414141414141414], [0.0808080808080808], [0.2828282828282828], [0.9797979797979798], [0.23232323232323232], [0.5959595959595959], [0.8181818181818181], [0.9090909090909091], [0.3232323232323232], [0.5151515151515151], [0.5757575757575758], [0.8888888888888888], [0.6262626262626262], [0.4949494949494949], [0.1818181818181818], [0.696969696969697], [0.2626262626262626], [0.9898989898989898], [0.6666666666666666]], "basis_function": "gaussian", "weights": [[10.843737935011365], [-11.677685454054807], [-11.643316357383956], [-14.132880120826186], [-9.645581057466725], [6.2246595833822385], [-18.377463975648396], [-5.823911511678867], [-14.927658922799788], [-24.756840274345407], [-28.19196466480456], [-6.3054254678231665], [-0.9915140870842848], [-15.084729932952015], [-13.104145855246601], [8.950837211107432], [-17.346264077027534], [3.7994908270667396], [6.671828191002763], [15.885375219476076], [18.854207810373058], [-19.587343934646544], [43.583557802071105], [-2.8279166981034556], [21.414926202275073], [-3.0127269591552026], [0.35285289702794326], [-6.135736273044704], [2.6061862195688548], [6.659046432988835], [0.42723993329608395], [17.718161694232826], [0.4170517235205346], [5.448535003044448], [-25.06903869136541], [19.78780961580633], [-12.207299447301653], [3.2087146787144682], [9.247229509596714], [-0.3261312814905296], [-2.9815746898331716], [18.168542439617482], [-1.7226770824484139], [-4.215728424432563], [2.0205970837133194], [-15.971455808406693], [-5.050022448102715], [-4.540854355785839], [18.37330382517255], [11.694843964737213], [-0.8629351203238643], [3.6453532315913466], [3.4976132436862546], [-7.839443437041381], [-10.657568447194253], [5.814342349234788], [21.50536717949415], [-3.407085992541866], [-19.90750153358875], [2.6173289746307624], [-2.8358052995691283], [-14.17064269844909], [-7.290341807432256], [6.567834610398707], [15.753734848343269], [9.372691988695014], [-21.67541276925422], [1.153566890215841], [14.656100969303703], [-9.642143009914735], [3.9765232224274536], [-10.726364582824951], [12.10050091971767], [9.672504571114127], [40.545037602389066], [-7.3513270934518795], [-9.586264625387736], [-7.2604664460576], [0.02511283119939757], [-8.482828976642365], [-10.956770814322622], [-1.564247985533072], [2.7921818573945116], [12.36213004599882], [-3.7888399315896337], [12.452645007892228], [-25.134694662358115], [16.59423600537749], [41.67978685516629], [-9.514260610014082]], "sigma": 0.5, "regularization_parameter": 1e-05, "rmse": 0.00014068193232967202, "R2": 0.9999997654885648, "x_data_min": [[10.0]], "x_data_max": [[10000.0]], "y_data_min": [25279.514640115292], "y_data_max": [22646995.556103665]}, "map": {"x_data_columns": "list", "x_data": "numpy", "centres": "numpy", "basis_function": "str", "weights": "numpy", "sigma": "str", "regularization_parameter": "str", "rmse": "str", "R2": "str", "x_data_min": "numpy", "x_data_max": "numpy", "y_data_min": "numpy", "y_data_max": "numpy"}}, "land_req": {"attr": {"x_data_columns": ["design_size"],