{"model_encoding": {"annual_energy": {"attr": {"x_data_columns": ["design_size"], "x_data": [[0.17049180327868851], [0.8830601092896175], [0.03278688524590164], [0.30491803278688523], [0.9355191256830601], [0.46885245901639344], [0.041530054644808745], [0.6218579234972678], [0.4448087431693989], [0.892896174863388], [0.4174863387978142], [0.06120218579234973], [0.07103825136612021], [0.7038251366120218], [0.6797814207650273], [0.11147540983606558], [0.18907103825136612], [0.659016393442623], [0.3825136612021858], [1.0], [0.848087431693989], [0.5278688524590164], [0.9584699453551913], [0.8349726775956284], [0.5846994535519126], [0.0], [0.4054644808743169], [0.780327868852459], [0.1989071038251366], [0.2273224043715847], [0.18688524590163935], [0.4743169398907104], [0.25792349726775954], [0.46557377049180326], [0.8688524590163934], [0.8874316939890711], [0.6098360655737705], [0.6273224043715847], [0.13442622950819672], [0.8262295081967214], [0.6], [0.6131147540983607], [0.6896174863387978], [0.020765027322404372], [0.14972677595628414], [0.3103825136612022], [0.34863387978142074], [0.7333333333333333], [0.015300546448087432], [0.8524590163934426], [0.1005464480874317], [0.47540983606557374], [0.5497267759562842], [0.6021857923497268], [0.5868852459016394], [0.6557377049180327], [0.15956284153005465], [0.1180327868852459], [0.013114754098360656], [0.03825136612021858], [0.24371584699453552], [0.018579234972677595], [0.8306010928961749], [0.8087431693989071], [0.6994535519125683], [0.4557377049180328], [0.46229508196721314], [0.3344262295081967], [0.3846994535519126], [0.3114754098360656], [0.8699453551912568], [0.09617486338797815], [0.5912568306010929], [0.31256830601092894], [0.7737704918032787], [0.6841530054644809], [0.5234972677595628], [0.980327868852459], [0.687431693989071], [0.27759562841530055]], "centres": [[0.17049180327868851], [0.8830601092896175], [0.03278688524590164], [0.30491803278688523], [0.9355191256830601], [0.46885245901639344], [0.041530054644808745], [0.6218579234972678], [0.4448087431693989], [0.892896174863388], [0.4174863387978142], [0.06120218579234973], [0.07103825136612021], [0.7038251366120218], [0.6797814207650273], [0.11147540983606558], [0.18907103825136612], [0.659016393442623], [0.3825136612021858], [1.0], [0.848087431693989], [0.5278688524590164], [0.9584699453551913], [0.8349726775956284], [0.5846994535519126], [0.0], [0.4054644808743169], [0.780327868852459], [0.1989071038251366], [0.2273224043715847], [0.18688524590163935], [0.4743169398907104], [0.25792349726775954], [0.46557377049180326], [0.8688524590163934], [0.8874316939890711], [0.6098360655737705], [0.6273224043715847], [0.13442622950819672], [0.8262295081967214], [0.6], [0.6131147540983607], [0.6896174863387978], [0.020765027322404372], [0.14972677595628414], [0.3103825136612022], [0.34863387978142074], [0.7333333333333333], [0.015300546448087432], [0.8524590163934426], [0.1005464480874317], [0.47540983606557374], [0.5497267759562842], [0.6021857923497268], [0.5868852459016394], [0.6557377049180327], [0.15956284153005465], [0.1180327868852459], [0.013114754098360656], [0.03825136612021858], [0.24371584699453552], [0.018579234972677595], [0.8306010928961749], [0.8087431693989071], [0.6994535519125683], [0.4557377049180328], [0.46229508196721314], [0.3344262295081967], [0.3846994535519126], [0.3114754098360656], [0.8699453551912568], [0.09617486338797815], [0.5912568306010929], [0.31256830601092894], [0.7737704918032787], [0.6841530054644809], [0.5234972677595628], [0.980327868852459], [0.687431693989071], [0.27759562841530055]], "basis_function": "gaussian", "weights": [[7.798994715306435], [-2.940067422016], [-19.134602459279108], [-11.13540009427561], [15.651143038732698], [28.46521215849134], [-0.9541088465357461], [11.012447427398001], [-10.291848943325022], [-7.96021353037213], [-1.7419537102614413], [-13.008541770569536], [-19.298748023866665], [-17.926570918250945], [-9.261431782033469], [10.133496389538777], [17.507209230849185], [-3.4048649326723535], [-4.442086961920722], [40.8599398699007], [-10.532089165324578], [23.32593750747401], [11.083581817722006], [-1.7424890890688403], [-10.222591178069706], [-1.5827807611645426], [18.789597281724127], [-24.4085028927002], [10.265548740091617], [17.65442918764529], [-4.24670524454541], [7.6556996875369805], [6.733545940804106], [-9.133469241969578], [-6.69955352510442], [6.463686993563897], [-2.415213575692178], [-5.2138824289068], [-6.1171132614317685], [-19.005652132778778], [5.671147296583513], [-5.121154946071329], [-17.588604397838935], [-0.6208321774809065], [6.226623032521275], [8.235393232000206], [8.640179956182692], [-2.691787143208785], [-26.146359005032224], [3.3367574568474083], [0.9870578489535546], [23.520146209921222], [-10.551416294758383], [-12.81013596196135], [16.3761703136297], [-0.6421634331272799], [-0.9084716341340027], [5.532730663255279], [-8.255280461090976], [0.977808441248726], [5.5390959487685905], [12.046069876971387], [-10.39556810252543], [-22.950372242659796], [-25.91441724543256], [-1.758770585322054], [-6.671313374852616], [7.332016604286764], [22.336382885081548], [24.125180143899343], [4.352311714472307], [-7.650870222305457], [-15.556122662183043], [-5.048311141610611], [-19.181869721949624], [-1.2773777905058523], [10.042784692919668], [38.49664025956736], [-4.053197258785076], [-7.757548690438853]], "sigma": 0.5, "regularization_parameter": 1e-05, "rmse": 0.00013889854479781925, "R2": 0.9999997755462995, "x_data_min": [[740.0]], "x_data_max": [[9890.0]], "y_data_min": [1677579.5038735857], "y_data_max": [22394888.72632385]}, "map": {"x_data_columns": "list", "x_data": "numpy", "centres": "numpy", "basis_function": "str", "weights": "numpy", "sigma": "str", "regularization_parameter": "str", "rmse": "str", "R2": "str", "x_data_min": "numpy", "x_data_max": "numpy", "y_data_min": "numpy", "y_data_max": "numpy"}}}, "input_labels": ["design_size"], "output_labels": ["annual_energy"], "input_bounds": {"design_size": [10, 10000]}, "surrogate_type": "rbf"}