{"model_encoding": {"annual_energy": {"attr": {"x_data_columns": ["design_size"], "x_data": [[0.4801255230125523], [0.8368200836820083], [0.13702928870292888], [0.1098326359832636], [0.3043933054393305], [0.4895397489539749], [0.09205020920502092], [0.6150627615062761], [0.6694560669456067], [0.23326359832635984], [0.18619246861924685], [0.6757322175732218], [0.02405857740585774], [0.5920502092050209], [0.13598326359832635], [0.47384937238493724], [0.04707112970711297], [0.4382845188284519], [0.2625523012552301], [0.6380753138075314], [0.5481171548117155], [0.0], [0.2186192468619247], [0.006276150627615063], [0.5826359832635983], [0.7426778242677824], [0.7416317991631799], [0.4571129707112971], [0.23744769874476987], [0.009414225941422594], [0.8232217573221757], [0.446652719665272], [0.3713389121338912], [0.28765690376569036], [0.7656903765690377], [0.9696652719665272], [0.14644351464435146], [0.5836820083682008], [0.7866108786610879], [0.946652719665272], [0.08368200836820083], [0.75], [1.0], [0.9278242677824268], [0.35669456066945604], [0.8619246861924686], [0.7531380753138075], [0.4790794979079498], [0.4989539748953975], [0.9644351464435147], [0.060669456066945605], [0.0031380753138075313], [0.28556485355648537], [0.9612970711297071], [0.9822175732217573], [0.8179916317991632], [0.8744769874476988], [0.04288702928870293], [0.6652719665271967], [0.20397489539748953], [0.17259414225941422], [0.13912133891213388], [0.8441422594142259], [0.5240585774058577], [0.6328451882845189], [0.7855648535564853], [0.08054393305439331], [0.805439330543933], [0.37656903765690375], [0.1684100418410042], [0.19456066945606695], [0.3263598326359833], [0.8169456066945606], [0.27719665271966526], [0.8828451882845189], [0.200836820083682], [0.3284518828451883], [0.9079497907949791], [0.6485355648535565], [0.9110878661087866]], "centres": [[0.4801255230125523], [0.8368200836820083], [0.13702928870292888], [0.1098326359832636], [0.3043933054393305], [0.4895397489539749], [0.09205020920502092], [0.6150627615062761], [0.6694560669456067], [0.23326359832635984], [0.18619246861924685], [0.6757322175732218], [0.02405857740585774], [0.5920502092050209], [0.13598326359832635], [0.47384937238493724], [0.04707112970711297], [0.4382845188284519], [0.2625523012552301], [0.6380753138075314], [0.5481171548117155], [0.0], [0.2186192468619247], [0.006276150627615063], [0.5826359832635983], [0.7426778242677824], [0.7416317991631799], [0.4571129707112971], [0.23744769874476987], [0.009414225941422594], [0.8232217573221757], [0.446652719665272], [0.3713389121338912], [0.28765690376569036], [0.7656903765690377], [0.9696652719665272], [0.14644351464435146], [0.5836820083682008], [0.7866108786610879], [0.946652719665272], [0.08368200836820083], [0.75], [1.0], [0.9278242677824268], [0.35669456066945604], [0.8619246861924686], [0.7531380753138075], [0.4790794979079498], [0.4989539748953975], [0.9644351464435147], [0.060669456066945605], [0.0031380753138075313], [0.28556485355648537], [0.9612970711297071], [0.9822175732217573], [0.8179916317991632], [0.8744769874476988], [0.04288702928870293], [0.6652719665271967], [0.20397489539748953], [0.17259414225941422], [0.13912133891213388], [0.8441422594142259], [0.5240585774058577], [0.6328451882845189], [0.7855648535564853], [0.08054393305439331], [0.805439330543933], [0.37656903765690375], [0.1684100418410042], [0.19456066945606695], [0.3263598326359833], [0.8169456066945606], [0.27719665271966526], [0.8828451882845189], [0.200836820083682], [0.3284518828451883], [0.9079497907949791], [0.6485355648535565], [0.9110878661087866]], "basis_function": "gaussian", "weights": [[-22.14277669801959], [21.78201682578947], [-2.0700608716124407], [-9.610134521705731], [-1.7823593172252004], [8.996801793775376], [-19.23941642766158], [-8.286597322457965], [6.871173558669398], [-8.201448954479929], [-11.187781775576696], [2.4334726715933357], [0.9607502141720943], [-2.5749490251509997], [-12.522016756324774], [-17.342351958421204], [-3.839991201062219], [-1.2211040977417724], [-19.257468523477655], [-9.021413181380922], [-8.201675466010784], [-11.373554806184075], [14.050378244288368], [-14.968797402279506], [4.385110343802808], [5.784075969779224], [-4.695966262261209], [-15.69295304735715], [-0.1753837895776087], [-16.88924304672173], [19.014076909792493], [-18.843245895372092], [0.910890510524041], [-0.11703727976055234], [1.6389261174263083], [34.690739448073145], [-8.948605815961855], [-23.540548010001658], [15.125349915884726], [35.46827767994546], [-2.062981526695239], [12.054849511150678], [46.80005953153159], [7.257600116747199], [-14.926861028034182], [6.583923572106869], [9.960487275813648], [5.808247528519132], [1.8226361271554197], [15.004164363715972], [2.8568523763615303], [-13.111207220065808], [12.658972534058194], [16.622011564613786], [28.36556395527441], [-4.864187490195036], [-0.845062151660386], [-11.9103075510493], [-6.128964522853494], [-2.1149455945906084], [-17.050047742420247], [-14.810832470830064], [-9.846996883883548], [-17.22638018611906], [5.94099835545785], [4.619003264102503], [0.15537789507175148], [3.056220523591037], [-19.095289399178], [13.215143794161122], [4.918740848137531], [-18.68192714275574], [22.93993264358869], [-3.2960852868181973], [21.415133323782356], [0.23225877167169529], [6.858503705607291], [7.073392824444454], [-5.362127702865109], [5.315407736568886]], "sigma": 0.05, "regularization_parameter": 1e-05, "rmse": 0.00014015208662805474, "R2": 0.999999796024399, "x_data_min": [[190.0]], "x_data_max": [[9750.0]], "y_data_min": [429220.3294781708], "y_data_max": [22082610.256649725]}, "map": {"x_data_columns": "list", "x_data": "numpy", "centres": "numpy", "basis_function": "str", "weights": "numpy", "sigma": "str", "regularization_parameter": "str", "rmse": "str", "R2": "str", "x_data_min": "numpy", "x_data_max": "numpy", "y_data_min": "numpy", "y_data_max": "numpy"}}}, "input_labels": ["design_size"], "output_labels": ["annual_energy"], "input_bounds": {"design_size": [10, 10000]}, "surrogate_type": "rbf"}