{"model_encoding": {"annual_energy": {"attr": {"x_data_columns": ["design_size"], "x_data": [[0.11224489795918367], [0.3673469387755102], [0.24489795918367346], [0.826530612244898], [0.9693877551020408], [0.12244897959183673], [0.08163265306122448], [0.7857142857142857], [0.6326530612244898], [0.7755102040816326], [0.6836734693877551], [0.21428571428571427], [0.5204081632653061], [0.5510204081632653], [0.9489795918367347], [0.8061224489795918], [0.7959183673469388], [0.336734693877551], [0.32653061224489793], [0.9081632653061225], [0.8979591836734694], [0.29591836734693877], [0.22448979591836735], [0.7040816326530612], [0.01020408163265306], [0.5102040816326531], [0.15306122448979592], [1.0], [0.4387755102040816], [0.9591836734693877], [0.41836734693877553], [0.9795918367346939], [0.23469387755102042], [0.5612244897959183], [0.17346938775510204], [0.6428571428571429], [0.5408163265306123], [0.6632653061224489], [0.1836734693877551], [0.6938775510204082], [0.19387755102040816], [0.6530612244897959], [0.04081632653061224], [0.7551020408163265], [0.7346938775510204], [0.47959183673469385], [0.9183673469387755], [0.5918367346938775], [0.9285714285714286], [0.7448979591836735], [0.8367346938775511], [0.9897959183673469], [0.42857142857142855], [0.30612244897959184], [0.7142857142857143], [0.3469387755102041], [0.5306122448979592], [0.46938775510204084], [0.8673469387755102], [0.8163265306122449], [0.8775510204081632], [0.0], [0.5714285714285714], [0.05102040816326531], [0.10204081632653061], [0.16326530612244897], [0.2857142857142857], [0.5816326530612245], [0.45918367346938777], [0.9387755102040817], [0.4897959183673469], [0.5], [0.37755102040816324], [0.6122448979591837], [0.8469387755102041], [0.4489795918367347], [0.8571428571428571], [0.6224489795918368], [0.02040816326530612], [0.07142857142857142], [0.20408163265306123], [0.1326530612244898], [0.7653061224489796], [0.3979591836734694], [0.14285714285714285], [0.09183673469387756], [0.8877551020408163], [0.7244897959183674], [0.3877551020408163], [0.6020408163265306]], "centres": [[0.11224489795918367], [0.3673469387755102], [0.24489795918367346], [0.826530612244898], [0.9693877551020408], [0.12244897959183673], [0.08163265306122448], [0.7857142857142857], [0.6326530612244898], [0.7755102040816326], [0.6836734693877551], [0.21428571428571427], [0.5204081632653061], [0.5510204081632653], [0.9489795918367347], [0.8061224489795918], [0.7959183673469388], [0.336734693877551], [0.32653061224489793], [0.9081632653061225], [0.8979591836734694], [0.29591836734693877], [0.22448979591836735], [0.7040816326530612], [0.01020408163265306], [0.5102040816326531], [0.15306122448979592], [1.0], [0.4387755102040816], [0.9591836734693877], [0.41836734693877553], [0.9795918367346939], [0.23469387755102042], [0.5612244897959183], [0.17346938775510204], [0.6428571428571429], [0.5408163265306123], [0.6632653061224489], [0.1836734693877551], [0.6938775510204082], [0.19387755102040816], [0.6530612244897959], [0.04081632653061224], [0.7551020408163265], [0.7346938775510204], [0.47959183673469385], [0.9183673469387755], [0.5918367346938775], [0.9285714285714286], [0.7448979591836735], [0.8367346938775511], [0.9897959183673469], [0.42857142857142855], [0.30612244897959184], [0.7142857142857143], [0.3469387755102041], [0.5306122448979592], [0.46938775510204084], [0.8673469387755102], [0.8163265306122449], [0.8775510204081632], [0.0], [0.5714285714285714], [0.05102040816326531], [0.10204081632653061], [0.16326530612244897], [0.2857142857142857], [0.5816326530612245], [0.45918367346938777], [0.9387755102040817], [0.4897959183673469], [0.5], [0.37755102040816324], [0.6122448979591837], [0.8469387755102041], [0.4489795918367347], [0.8571428571428571], [0.6224489795918368], [0.02040816326530612], [0.07142857142857142], [0.20408163265306123], [0.1326530612244898], [0.7653061224489796], [0.3979591836734694], [0.14285714285714285], [0.09183673469387756], [0.8877551020408163], [0.7244897959183674], [0.3877551020408163], [0.6020408163265306]], "basis_function": "gaussian", "weights": [[-0.08934755087597254], [5.608330885431277], [2.4213900815656535], [-15.891841937823122], [20.250003065959863], [2.839155832959903], [-1.727946072159037], [-12.964441853994312], [-1.2276227660636057], [-10.628392523229097], [-4.802425450152546], [2.8109181921571844], [4.491907799335042], [3.308250176641942], [8.99684840287612], [-12.652709322360755], [-14.72596536965663], [1.8552294638150928], [2.939288833755593], [-7.0874275967412075], [-7.709220300652373], [3.037222937310229], [1.5993003560981438], [-5.959136287822676], [-14.385114215350844], [5.864607905638706], [3.246680023032023], [40.80189167567341], [4.634932532703347], [12.681041614406098], [3.1096738801815063], [25.268010857140723], [3.6282915576520485], [5.427435901350727], [0.59700825227365], [0.45102202655840573], [4.836181879322206], [-4.189560602016484], [3.1489415100789135], [-3.7544437332515352], [1.9719197516667144], [-1.618049521872312], [-4.735613114540202], [-10.320067162325698], [-9.307226345556948], [6.475168828704052], [-1.8580689839117943], [3.574243111529721], [0.14818514226423768], [-11.456570661610023], [-13.290084293419145], [31.022306913104448], [5.732311582428793], [1.909075432056486], [-8.166735101848111], [4.485708101579258], [6.772504202093151], [4.440414348740244], [-11.895452732444788], [-14.591290855185058], [-12.39358844136828], [-15.900785151267806], [3.3247840083995492], [-4.825955052775268], [1.0381062907914311], [2.1752730594775516], [4.643664258417802], [1.6269722422328086], [5.613218727902658], [5.913345706451778], [5.232844430173679], [3.950246948622272], [4.557346256771509], [3.133223047577544], [-14.628537395071636], [6.75686041036742], [-11.550410948670851], [1.2099464092077115], [-9.95130747979684], [-1.0299972125248047], [4.017221255566643], [1.9706117487259756], [-12.363758215548723], [5.696346252677516], [0.5597281367816292], [-2.1247919010936958], [-8.386412122374862], [-7.126288639728029], [3.0453592186628993], [1.299269349644029]], "sigma": 0.5, "regularization_parameter": 1e-05, "rmse": 9.474697003189558e-05, "R2": 0.9999998951957706, "x_data_min": [[1020.0]], "x_data_max": [[100000.0]], "y_data_min": [2309414.616559042], "y_data_max": [226464767.65733048]}, "map": {"x_data_columns": "list", "x_data": "numpy", "centres": "numpy", "basis_function": "str", "weights": "numpy", "sigma": "str", "regularization_parameter": "str", "rmse": "str", "R2": "str", "x_data_min": "numpy", "x_data_max": "numpy", "y_data_min": "numpy", "y_data_max": "numpy"}}, "land_req": {"attr": {"x_data_columns": ["design_size"],