{"model_encoding": {"annual_energy": {"attr": {"x_data_columns": ["design_size"], "x_data": [[0.8285714285714286], [0.8346938775510204], [0.45408163265306123], [0.9673469387755103], [0.7836734693877551], [0.5102040816326531], [0.8], [0.5326530612244897], [0.4642857142857143], [0.6438775510204081], [0.42346938775510207], [0.7908163265306123], [0.5173469387755102], [0.10306122448979592], [0.27346938775510204], [0.09285714285714286], [0.5571428571428572], [0.5040816326530613], [0.6193877551020408], [0.7091836734693877], [0.39081632653061227], [0.8826530612244898], [0.6346938775510204], [0.20510204081632652], [0.6530612244897959], [0.8989795918367347], [0.6683673469387755], [0.5622448979591836], [0.47959183673469385], [0.7377551020408163], [0.02857142857142857], [0.7051020408163265], [0.5081632653061224], [0.12551020408163266], [0.13673469387755102], [0.7448979591836735], [0.4122448979591837], [0.3193877551020408], [0.6306122448979592], [0.11632653061224489], [0.6938775510204082], [0.15612244897959185], [0.3683673469387755], [0.7938775510204081], [0.04897959183673469], [0.8316326530612245], [0.5581632653061225], [0.7122448979591837], [0.9653061224489796], [0.9418367346938775], [0.8795918367346939], [0.5438775510204081], [1.0], [0.6948979591836735], [0.3846938775510204], [0.4846938775510204], [0.0], [0.9795918367346939], [0.17959183673469387], [0.23061224489795917], [0.889795918367347], [0.7428571428571429], [0.5489795918367347], [0.23265306122448978], [0.42959183673469387], [0.5591836734693878], [0.2826530612244898], [0.6448979591836734], [0.5], [0.8683673469387755], [0.4520408163265306], [0.6081632653061224], [0.5428571428571428], [0.08979591836734693], [0.47244897959183674], [0.6071428571428571], [0.03469387755102041], [0.7142857142857143], [0.5857142857142857], [0.8377551020408164]], "centres": [[0.8285714285714286], [0.8346938775510204], [0.45408163265306123], [0.9673469387755103], [0.7836734693877551], [0.5102040816326531], [0.8], [0.5326530612244897], [0.4642857142857143], [0.6438775510204081], [0.42346938775510207], [0.7908163265306123], [0.5173469387755102], [0.10306122448979592], [0.27346938775510204], [0.09285714285714286], [0.5571428571428572], [0.5040816326530613], [0.6193877551020408], [0.7091836734693877], [0.39081632653061227], [0.8826530612244898], [0.6346938775510204], [0.20510204081632652], [0.6530612244897959], [0.8989795918367347], [0.6683673469387755], [0.5622448979591836], [0.47959183673469385], [0.7377551020408163], [0.02857142857142857], [0.7051020408163265], [0.5081632653061224], [0.12551020408163266], [0.13673469387755102], [0.7448979591836735], [0.4122448979591837], [0.3193877551020408], [0.6306122448979592], [0.11632653061224489], [0.6938775510204082], [0.15612244897959185], [0.3683673469387755], [0.7938775510204081], [0.04897959183673469], [0.8316326530612245], [0.5581632653061225], [0.7122448979591837], [0.9653061224489796], [0.9418367346938775], [0.8795918367346939], [0.5438775510204081], [1.0], [0.6948979591836735], [0.3846938775510204], [0.4846938775510204], [0.0], [0.9795918367346939], [0.17959183673469387], [0.23061224489795917], [0.889795918367347], [0.7428571428571429], [0.5489795918367347], [0.23265306122448978], [0.42959183673469387], [0.5591836734693878], [0.2826530612244898], [0.6448979591836734], [0.5], [0.8683673469387755], [0.4520408163265306], [0.6081632653061224], [0.5428571428571428], [0.08979591836734693], [0.47244897959183674], [0.6071428571428571], [0.03469387755102041], [0.7142857142857143], [0.5857142857142857], [0.8377551020408164]], "basis_function": "gaussian", "weights": [[-33.47023954785254], [-0.5704918848314264], [-8.322780546503054], [19.088769470443367], [-25.092727273513447], [-1.378297476690932], [-22.53460842966888], [-7.412768575664813], [-4.8440402575615735], [-5.252962930760987], [13.811530874909295], [-15.252521193277062], [4.164014334557578], [-3.3056256208292325], [9.890949653104599], [-7.111619455482469], [11.179306719426677], [3.1971997293258028], [14.775960271792428], [-11.510166444262723], [10.780817383429167], [-5.9729922449078], [2.2940494051072164], [7.476668090457679], [-12.839712148655963], [-4.2468225677803275], [11.82573136859719], [-3.6832957756414544], [21.330187193107122], [-24.611717284664337], [-3.015401633183501], [-18.983862358843908], [11.052072468886763], [-8.53848887730237], [9.845050245681705], [-15.00945292567485], [-4.594305830876692], [13.83638330570102], [-9.939162590759224], [-1.9424800374299593], [1.3654201371973613], [6.433646464209232], [15.965972451635025], [-17.691715165568894], [6.275285341104791], [1.6632035691363853], [-11.424300039594527], [-14.086563379507425], [35.0218808761274], [14.546892968770408], [-4.1434490884203115], [10.49834039837151], [43.87950385003205], [11.41130097027417], [15.169702492739816], [6.664315780049947], [-37.34901108224403], [17.53550883475691], [15.58742226468712], [4.11794759593613], [0.7948589029037976], [-2.3971021672441566], [-4.33054847913445], [-12.964052893061307], [9.400438349563046], [-1.3059240539223538], [3.1651531619486377], [4.814619923075952], [-4.671964071407274], [-23.648344512348558], [4.069997634724132], [-2.631532847019116], [0.3714139979092579], [-4.9867985734217655], [15.664443077244869], [-12.719733464382443], [-6.63128641624462], [10.67495531106033], [4.381591176595975], [-2.7840526461732225]], "sigma": 0.5, "regularization_parameter": 1e-05, "rmse": 0.0001372771575044233, "R2": 0.9999997292275016, "x_data_min": [[40.0]], "x_data_max": [[9840.0]], "y_data_min": [84612.88302685026], "y_data_max": [22284917.44389439]}, "map": {"x_data_columns": "list", "x_data": "numpy", "centres": "numpy", "basis_function": "str", "weights": "numpy", "sigma": "str", "regularization_parameter": "str", "rmse": "str", "R2": "str", "x_data_min": "numpy", "x_data_max": "numpy", "y_data_min": "numpy", "y_data_max": "numpy"}}}, "input_labels": ["design_size"], "output_labels": ["annual_energy"], "input_bounds": {"design_size": [10, 10000]}, "surrogate_type": "rbf"}