{
	"electricity_rate" : 0.059999999999999998,
	"fixed_operating_cost" : 103758.19999999998
}
