{
	"capital_cost" : 7263073.9999999991,
	"variable_operating_cost" : 0.001,
	"fixed_charge_rate" : 0.10636199476096372
}
