{"model_encoding": {"heat_annual_scaled": {"attr": {"x_data_columns": ["heat_load"], "x_data": [[0.14583333333333334], [0.35416666666666663], [0.3125], [0.8020833333333334], [0.16666666666666669], [0.15624999999999997], [0.53125], [0.3958333333333333], [0.10416666666666666], [0.7708333333333334], [0.6354166666666667], [0.7291666666666667], [0.0625], [0.07291666666666667], [0.3854166666666667], [0.4375], [0.8854166666666667], [0.7395833333333334], [0.375], [0.6041666666666666], [0.5833333333333334], [0.04166666666666667], [0.8958333333333334], [0.875], [0.2604166666666667], [0.9583333333333334], [0.46875000000000006], [0.03125000000000001], [0.84375], [1.0], [0.08333333333333334], [0.2916666666666667], [0.1875], [0.6875], [0.96875], [0.4479166666666667], [0.7812500000000001], [0.9166666666666666], [0.0], [0.9375000000000001], [0.09375], [0.8229166666666667], [0.25], [0.9062500000000001], [0.4791666666666667], [0.13541666666666666], [0.625], [0.34375], [0.6979166666666667], [0.5104166666666667], [0.3229166666666667], [0.3020833333333333], [0.5625], [0.6562500000000001], [0.11458333333333333], [0.4583333333333333], [0.9270833333333334], [0.9791666666666667], [0.5520833333333334], [0.9479166666666667], [0.8333333333333333], [0.05208333333333333], [0.7916666666666666], [0.5208333333333334], [0.2708333333333333], [0.22916666666666666], [0.19791666666666666], [0.42708333333333337], [0.21875], [0.33333333333333337], [0.17708333333333331], [0.8125], [0.6458333333333334], [0.28125], [0.48958333333333337], [0.40625], [0.8645833333333334], [0.20833333333333331], [0.75]], "centres": [[0.14583333333333334], [0.35416666666666663], [0.3125], [0.8020833333333334], [0.16666666666666669], [0.15624999999999997], [0.53125], [0.3958333333333333], [0.10416666666666666], [0.7708333333333334], [0.6354166666666667], [0.7291666666666667], [0.0625], [0.07291666666666667], [0.3854166666666667], [0.4375], [0.8854166666666667], [0.7395833333333334], [0.375], [0.6041666666666666], [0.5833333333333334], [0.04166666666666667], [0.8958333333333334], [0.875], [0.2604166666666667], [0.9583333333333334], [0.46875000000000006], [0.03125000000000001], [0.84375], [1.0], [0.08333333333333334], [0.2916666666666667], [0.1875], [0.6875], [0.96875], [0.4479166666666667], [0.7812500000000001], [0.9166666666666666], [0.0], [0.9375000000000001], [0.09375], [0.8229166666666667], [0.25], [0.9062500000000001], [0.4791666666666667], [0.13541666666666666], [0.625], [0.34375], [0.6979166666666667], [0.5104166666666667], [0.3229166666666667], [0.3020833333333333], [0.5625], [0.6562500000000001], [0.11458333333333333], [0.4583333333333333], [0.9270833333333334], [0.9791666666666667], [0.5520833333333334], [0.9479166666666667], [0.8333333333333333], [0.05208333333333333], [0.7916666666666666], [0.5208333333333334], [0.2708333333333333], [0.22916666666666666], [0.19791666666666666], [0.42708333333333337], [0.21875], [0.33333333333333337], [0.17708333333333331], [0.8125], [0.6458333333333334], [0.28125], [0.48958333333333337], [0.40625], [0.8645833333333334], [0.20833333333333331], [0.75]], "basis_function": "gaussian", "weights": [[1517.4073024401623], [509.6362627051967], [1366.379665098695], [-1303.948505321714], [-567.5100097153272], [478.7459683659672], [-678.3239330623037], [-359.0214882252076], [-922.5805116857975], [-1469.612945056695], [-1161.7958501018074], [-625.1613807876311], [-53.35506515693007], [-1097.6098691220377], [684.166053533274], [-1211.596719716912], [310.9302568936473], [1661.5930480970237], [-1580.3960335612246], [-1357.4042882456888], [733.2700413393395], [-1266.3101940032784], [-732.403656410308], [1354.383488387386], [-37.34149530616742], [-368.24450371098646], [-1035.8842560309822], [-274.0490004966923], [1151.4122504365223], [-1248.229201642971], [1053.2236141147514], [150.88109319500472], [650.9365595096069], [245.4545827290858], [-1407.5161425222614], [1051.3273594124403], [788.8091198646143], [478.2984523086561], [-764.0218517904596], [1723.2769372591938], [124.99269559259824], [-59.04441915139614], [1006.9772266828295], [1521.6408802770238], [1242.7580788055639], [-749.91457684532], [-115.20932800203445], [1554.0662072361993], [-798.3814692576852], [1412.6552875350208], [323.7108870957163], [-894.3218495422589], [-482.7815987763206], [51.11082873284977], [1312.9112780828245], [6.706806064328703], [-564.9768783771942], [837.9260245372061], [564.9155386298808], [679.9863933923989], [-1102.576274687941], [684.10540836377], [-255.22549453528336], [366.0204324651386], [-1086.033898345615], [-211.20217878016774], [-394.9371533033536], [-165.33381909077798], [834.4385510669017], [-721.5775291572609], [-1613.62510350702], [980.0964159910291], [1095.1645724101763], [1196.1549478310844], [196.23873578265193], [-1405.3686023681475], [-935.5986995127314], [-1441.6240821132924], [617.7684886190291]], "sigma": 0.02, "regularization_parameter": 1e-05, "rmse": 0.009505805366119191, "R2": 0.9989852682554617, "x_data_min": [[1.0]], "x_data_max": [[48.75879396984924]], "y_data_min": [0.028020627889755588], "y_data_max": [1.0]}, "map": {"x_data_columns": "list", "x_data": "numpy", "centres": "numpy", "basis_function": "str", "weights": "numpy", "sigma": "str", "regularization_parameter": "str", "rmse": "str", "R2": "str", "x_data_min": "numpy", "x_data_max": "numpy", "y_data_min": "numpy", "y_data_max": "numpy"}}, "electricity_annual_scaled": {"attr": {"x_data_columns": ["heat_load"], "x_data": [[0.14583333333333334], [0.35416666666666663], [0.3125], [0.8020833333333334], [0.16666666666666669], [0.15624999999999997], [0.53125], [0.3958333333333333], [0.10416666666666666], [0.7708333333333334], [0.6354166666666667], [0.7291666666666667], [0.0625], [0.07291666666666667], [0.3854166666666667], [0.4375], [0.8854166666666667], [0.7395833333333334], [0.375], [0.6041666666666666], [0.5833333333333334], [0.04166666666666667], [0.8958333333333334], [0.875], [0.2604166666666667], [0.9583333333333334], [0.46875000000000006], [0.03125000000000001], [0.84375], [1.0], [0.08333333333333334], [0.2916666666666667], [0.1875], [0.6875], [0.96875], [0.4479166666666667], [0.7812500000000001], [0.9166666666666666], [0.0], [0.9375000000000001], [0.09375], [0.8229166666666667], [0.25], [0.9062500000000001], [0.4791666666666667], [0.13541666666666666], [0.625], [0.34375], [0.6979166666666667], [0.5104166666666667], [0.3229166666666667], [0.3020833333333333], [0.5625], [0.6562500000000001], [0.11458333333333333], [0.4583333333333333], [0.9270833333333334], [0.9791666666666667], [0.5520833333333334], [0.9479166666666667], [0.8333333333333333], [0.05208333333333333], [0.7916666666666666], [0.5208333333333334], [0.2708333333333333], [0.22916666666666666], [0.19791666666666666], [0.42708333333333337], [0.21875], [0.33333333333333337], [0.17708333333333331], [0.8125], [0.6458333333333334], [0.28125], [0.48958333333333337], [0.40625], [0.8645833333333334], [0.20833333333333331], [0.75]],