{"model_encoding": {"heat_annual_scaled": {"attr": {"x_data_columns": ["heat_load"], "x_data": [[0.14583333333333334], [0.35416666666666663], [0.3125], [0.8020833333333334], [0.16666666666666669], [0.15624999999999997], [0.53125], [0.3958333333333333], [0.10416666666666666], [0.7708333333333334], [0.6354166666666667], [0.7291666666666667], [0.0625], [0.07291666666666667], [0.3854166666666667], [0.4375], [0.8854166666666667], [0.7395833333333334], [0.375], [0.6041666666666666], [0.5833333333333334], [0.04166666666666667], [0.8958333333333334], [0.875], [0.2604166666666667], [0.9583333333333334], [0.46875000000000006], [0.03125000000000001], [0.84375], [1.0], [0.08333333333333334], [0.2916666666666667], [0.1875], [0.6875], [0.96875], [0.4479166666666667], [0.7812500000000001], [0.9166666666666666], [0.0], [0.9375000000000001], [0.09375], [0.8229166666666667], [0.25], [0.9062500000000001], [0.4791666666666667], [0.13541666666666666], [0.625], [0.34375], [0.6979166666666667], [0.5104166666666667], [0.3229166666666667], [0.3020833333333333], [0.5625], [0.6562500000000001], [0.11458333333333333], [0.4583333333333333], [0.9270833333333334], [0.9791666666666667], [0.5520833333333334], [0.9479166666666667], [0.8333333333333333], [0.05208333333333333], [0.7916666666666666], [0.5208333333333334], [0.2708333333333333], [0.22916666666666666], [0.19791666666666666], [0.42708333333333337], [0.21875], [0.33333333333333337], [0.17708333333333331], [0.8125], [0.6458333333333334], [0.28125], [0.48958333333333337], [0.40625], [0.8645833333333334], [0.20833333333333331], [0.75]], "centres": [[0.14583333333333334], [0.35416666666666663], [0.3125], [0.8020833333333334], [0.16666666666666669], [0.15624999999999997], [0.53125], [0.3958333333333333], [0.10416666666666666], [0.7708333333333334], [0.6354166666666667], [0.7291666666666667], [0.0625], [0.07291666666666667], [0.3854166666666667], [0.4375], [0.8854166666666667], [0.7395833333333334], [0.375], [0.6041666666666666], [0.5833333333333334], [0.04166666666666667], [0.8958333333333334], [0.875], [0.2604166666666667], [0.9583333333333334], [0.46875000000000006], [0.03125000000000001], [0.84375], [1.0], [0.08333333333333334], [0.2916666666666667], [0.1875], [0.6875], [0.96875], [0.4479166666666667], [0.7812500000000001], [0.9166666666666666], [0.0], [0.9375000000000001], [0.09375], [0.8229166666666667], [0.25], [0.9062500000000001], [0.4791666666666667], [0.13541666666666666], [0.625], [0.34375], [0.6979166666666667], [0.5104166666666667], [0.3229166666666667], [0.3020833333333333], [0.5625], [0.6562500000000001], [0.11458333333333333], [0.4583333333333333], [0.9270833333333334], [0.9791666666666667], [0.5520833333333334], [0.9479166666666667], [0.8333333333333333], [0.05208333333333333], [0.7916666666666666], [0.5208333333333334], [0.2708333333333333], [0.22916666666666666], [0.19791666666666666], [0.42708333333333337], [0.21875], [0.33333333333333337], [0.17708333333333331], [0.8125], [0.6458333333333334], [0.28125], [0.48958333333333337], [0.40625], [0.8645833333333334], [0.20833333333333331], [0.75]], "basis_function": "gaussian", "weights": [[1517.4073024281706], [509.63626267989144], [1366.3796650390307], [-1303.9485052556379], [-567.5100097990472], [478.7459683412807], [-678.3239330714625], [-359.0214882634411], [-922.5805115863691], [-1469.6129451155468], [-1161.7958501045164], [-625.161380883129], [-53.35506519896317], [-1097.6098692605244], [684.1660536159967], [-1211.5967198906158], [310.93025697720174], [1661.593048014135], [-1580.396033545397], [-1357.4042883763514], [733.2700412087098], [-1266.310193915144], [-732.4036563108181], [1354.3834884700361], [-37.341495305091996], [-368.2445037636815], [-1035.8842559239633], [-274.0490004573336], [1151.4122504782986], [-1248.2292016401111], [1053.2236141766123], [150.8810932715773], [650.9365594127466], [245.4545826435958], [-1407.5161426525165], [1051.3273596155425], [788.8091199754787], [478.2984522731357], [-764.02185176022], [1723.2769373590693], [124.99269547717618], [-59.04441928197567], [1006.9772263774445], [1521.6408801338528], [1242.7580789555607], [-749.914577015832], [-115.20932788911907], [1554.0662074501308], [-798.381469197072], [1412.6552875024142], [323.7108873380936], [-894.3218497088474], [-482.7815987793474], [51.11082864119525], [1312.9112780051464], [6.706806257981717], [-564.9768785874943], [837.9260246449968], [564.9155386721426], [679.9863933994172], [-1102.576274754838], [684.1054084900163], [-255.2254945449204], [366.02043229453994], [-1086.0338983669892], [-211.2021790341021], [-394.9371531250613], [-165.3338188872473], [834.4385510770566], [-721.5775294486484], [-1613.6251034161276], [980.0964159047682], [1095.164572629992], [1196.154947835086], [196.23873596563286], [-1405.3686022768454], [-935.5986993800399], [-1441.6240820173334], [617.7684886159738]], "sigma": 0.02, "regularization_parameter": 1e-05, "rmse": 0.009505805366058587, "R2": 0.9989852682554746, "x_data_min": [[1.0]], "x_data_max": [[48.75879396984924]], "y_data_min": [0.028020627889755588], "y_data_max": [1.0]}, "map": {"x_data_columns": "list", "x_data": "numpy", "centres": "numpy", "basis_function": "str", "weights": "numpy", "sigma": "str", "regularization_parameter": "str", "rmse": "str", "R2": "str", "x_data_min": "numpy", "x_data_max": "numpy", "y_data_min": "numpy", "y_data_max": "numpy"}}, "electricity_annual_scaled": {"attr": {"x_data_columns": ["heat_load"], "x_data": [[0.14583333333333334], [0.35416666666666663], [0.3125], [0.8020833333333334], [0.16666666666666669], [0.15624999999999997], [0.53125], [0.3958333333333333], [0.10416666666666666], [0.7708333333333334], [0.6354166666666667], [0.7291666666666667], [0.0625], [0.07291666666666667], [0.3854166666666667], [0.4375], [0.8854166666666667], [0.7395833333333334], [0.375], [0.6041666666666666], [0.5833333333333334], [0.04166666666666667], [0.8958333333333334], [0.875], [0.2604166666666667], [0.9583333333333334], [0.46875000000000006], [0.03125000000000001], [0.84375], [1.0], [0.08333333333333334], [0.2916666666666667], [0.1875], [0.6875], [0.96875], [0.4479166666666667], [0.7812500000000001], [0.9166666666666666], [0.0], [0.9375000000000001], [0.09375], [0.8229166666666667], [0.25], [0.9062500000000001], [0.4791666666666667], [0.13541666666666666], [0.625], [0.34375], [0.6979166666666667], [0.5104166666666667], [0.3229166666666667], [0.3020833333333333], [0.5625], [0.6562500000000001], [0.11458333333333333], [0.4583333333333333], [0.9270833333333334], [0.9791666666666667], [0.5520833333333334], [0.9479166666666667], [0.8333333333333333], [0.05208333333333333], [0.7916666666666666], [0.5208333333333334], [0.2708333333333333], [0.22916666666666666], [0.19791666666666666], [0.42708333333333337], [0.21875], [0.33333333333333337], [0.17708333333333331], [0.8125], [0.6458333333333334], [0.28125], [0.48958333333333337], [0.40625], [0.8645833333333334], [0.20833333333333331], [0.75]],