{"model_encoding": {"annual_energy": {"attr": {"x_data_columns": ["design_size"], "x_data": [[0.7417417417417418], [0.923923923923924], [0.2062062062062062], [0.33233233233233234], [0.8048048048048048], [0.5785785785785785], [0.5025025025025025], [0.4114114114114114], [0.3943943943943944], [0.18618618618618618], [0.25225225225225223], [0.6746746746746747], [0.6036036036036037], [0.4844844844844845], [0.3053053053053053], [0.4594594594594595], [0.8238238238238238], [0.37237237237237236], [0.6696696696696697], [0.4034034034034034], [0.25725725725725723], [0.06506506506506507], [0.8978978978978979], [0.8738738738738738], [1.0], [0.13813813813813813], [0.991991991991992], [0.5475475475475475], [0.01001001001001001], [0.06406406406406406], [0.23523523523523523], [0.5375375375375375], [0.3763763763763764], [0.12212212212212212], [0.35135135135135137], [0.913913913913914], [0.05405405405405406], [0.23423423423423423], [0.9459459459459459], [0.5635635635635635], [0.1871871871871872], [0.5565565565565566], [0.0990990990990991], [0.982982982982983], [0.9039039039039038], [0.01701701701701702], [0.7307307307307307], [0.8528528528528528], [0.5515515515515516], [0.6146146146146146], [0.924924924924925], [0.5445445445445446], [0.5275275275275275], [0.5185185185185185], [0.36936936936936937], [0.35735735735735735], [0.965965965965966], [0.1001001001001001], [0.5255255255255256], [0.8288288288288288], [0.9319319319319319], [0.46146146146146144], [0.8148148148148148], [0.16416416416416416], [0.3793793793793794], [0.12612612612612611], [0.33733733733733734], [0.5505505505505506], [0.9219219219219219], [0.2862862862862863], [0.20520520520520522], [0.8138138138138138], [0.001001001001001001], [0.8628628628628628], [0.02902902902902903], [0.5155155155155156], [0.05805805805805806], [0.34534534534534533], [0.7517517517517518], [0.3103103103103103], [0.2132132132132132], [0.7257257257257257], [0.3133133133133133], [0.4364364364364364], [0.13913913913913914], [0.92992992992993], [0.21521521521521522], [0.0], [0.5915915915915916], [0.6526526526526526]], "centres": [[0.7417417417417418], [0.923923923923924], [0.2062062062062062], [0.33233233233233234], [0.8048048048048048], [0.5785785785785785], [0.5025025025025025], [0.4114114114114114], [0.3943943943943944], [0.18618618618618618], [0.25225225225225223], [0.6746746746746747], [0.6036036036036037], [0.4844844844844845], [0.3053053053053053], [0.4594594594594595], [0.8238238238238238], [0.37237237237237236], [0.6696696696696697], [0.4034034034034034], [0.25725725725725723], [0.06506506506506507], [0.8978978978978979], [0.8738738738738738], [1.0], [0.13813813813813813], [0.991991991991992], [0.5475475475475475], [0.01001001001001001], [0.06406406406406406], [0.23523523523523523], [0.5375375375375375], [0.3763763763763764], [0.12212212212212212], [0.35135135135135137], [0.913913913913914], [0.05405405405405406], [0.23423423423423423], [0.9459459459459459], [0.5635635635635635], [0.1871871871871872], [0.5565565565565566], [0.0990990990990991], [0.982982982982983], [0.9039039039039038], [0.01701701701701702], [0.7307307307307307], [0.8528528528528528], [0.5515515515515516], [0.6146146146146146], [0.924924924924925], [0.5445445445445446], [0.5275275275275275], [0.5185185185185185], [0.36936936936936937], [0.35735735735735735], [0.965965965965966], [0.1001001001001001], [0.5255255255255256], [0.8288288288288288], [0.9319319319319319], [0.46146146146146144], [0.8148148148148148], [0.16416416416416416], [0.3793793793793794], [0.12612612612612611], [0.33733733733733734], [0.5505505505505506], [0.9219219219219219], [0.2862862862862863], [0.20520520520520522], [0.8138138138138138], [0.001001001001001001], [0.8628628628628628], [0.02902902902902903], [0.5155155155155156], [0.05805805805805806], [0.34534534534534533], [0.7517517517517518], [0.3103103103103103], [0.2132132132132132], [0.7257257257257257], [0.3133133133133133], [0.4364364364364364], [0.13913913913913914], [0.92992992992993], [0.21521521521521522], [0.0], [0.5915915915915916], [0.6526526526526526]], "basis_function": "gaussian", "weights": [[4.95704808641245], [-0.7389766694622988], [-1.10533888881391], [9.441631839059365], [9.930694430406843], [8.601736410326419], [27.108863218852285], [2.5622078913340123], [-7.602996887417791], [-11.252001025000125], [9.13175738497304], [-1.5008048702318657], [-3.847322428143372], [4.208220893925447], [-6.950506814522296], [6.952566601813123], [13.430223113229909], [-8.103791502249452], [-23.74668296763072], [-13.564084348313651], [-5.602159957334348], [-6.767360193144731], [2.6986619890424253], [-7.727615677234877], [37.609506846485964], [-11.156910101216143], [4.746648333737513], [-10.631365795036933], [9.13224224995696], [19.798929881211237], [1.5036521946102863], [19.542234168774307], [4.4616546870998945], [-9.957333513864656], [6.462076213952601], [-0.3293219625188231], [10.506104724875296], [-12.963498653250477], [-10.996631068918138], [-14.312753444093765], [3.2406476880069697], [18.015191122466984], [17.2449629134029], [-3.030651345834755], [-4.171982983829772], [-18.443701604759713], [-10.762648139705355], [12.37896450944498], [-3.4840559758923666], [-24.63162161884817], [-27.804104054102588], [-7.980827259452029], [17.40493647110869], [-11.769574572107402], [-6.054539871152812], [2.245128580296599], [4.714176069836911], [-4.772847055829619], [-6.897894763050383], [-5.305805630185838], [-19.802963009886014], [-5.148193223313422], [19.257167108455896], [-4.843012641180284], [2.4330147898441696], [-2.2678658975289507], [-4.914239400424526], [-13.298092489061514], [-24.550540537209084], [-2.834972296029589], [-11.032575410062515], [4.591936568386579], [-26.70591333336574], [18.484902465195372], [13.486820778812785], [-9.30605634983612], [23.57903973963326], [10.72698974656269], [15.283708912820176], [15.201608888184825], [3.9676465282698214], [2.631914620949488], [12.917634121439187], [1.2599965612109907], [3.3886425367597774], [-7.068849567316338], [-8.320502382904301], [-2.141948301210934], [7.2566075611880985], [4.957620364204075]], "sigma": 2.0, "regularization_parameter": 1e-05, "rmse": 0.00012398551421576755, "R2": 0.9999998249194618, "x_data_min": [[10.0]], "x_data_max": [[10000.0]], "y_data_min": [25279.514640115292], "y_data_max": [22646995.556103665]}, "map": {"x_data_columns": "list", "x_data": "numpy", "centres": "numpy", "basis_function": "str", "weights": "numpy", "sigma": "str", "regularization_parameter": "str", "rmse": "str", "R2": "str", "x_data_min": "numpy", "x_data_max": "numpy", "y_data_min": "numpy", "y_data_max": "numpy"}}}, "input_labels": ["design_size"], "output_labels": ["annual_energy"], "input_bounds": {"design_size": [0, 10000]}, "surrogate_type": "rbf"}