{"model_encoding": {"heat_annual_scaled": {"attr": {"x_data_columns": ["heat_load"], "x_data": [[0.28571428571428575], [0.5357142857142858], [0.892857142857143], [0.4285714285714286], [0.45918367346938777], [0.08163265306122448], [0.826530612244898], [0.48979591836734704], [0.0], [0.913265306122449], [0.1326530612244898], [0.05612244897959184], [0.22448979591836735], [0.14285714285714288], [0.5204081632653061], [0.31632653061224497], [0.2908163265306123], [0.46938775510204084], [0.5561224489795918], [0.5], [0.2142857142857143], [0.03061224489795919], [0.663265306122449], [0.5051020408163266], [0.5459183673469389], [0.8316326530612245], [0.7346938775510204], [0.8775510204081634], [0.1479591836734694], [0.739795918367347], [0.3622448979591837], [0.10204081632653061], [0.6275510204081634], [0.6836734693877551], [0.23979591836734698], [0.413265306122449], [0.30612244897959184], [0.2295918367346939], [0.9285714285714286], [0.8724489795918368], [0.010204081632653064], [1.0], [0.5714285714285715], [0.8673469387755103], [0.3316326530612245], [0.9387755102040817], [0.015306122448979591], [0.46428571428571436], [0.16326530612244897], [0.6071428571428572], [0.7244897959183674], [0.6377551020408163], [0.576530612244898], [0.6173469387755103], [0.37244897959183676], [0.07653061224489796], [0.7448979591836735], [0.19897959183673472], [0.11224489795918367], [0.8979591836734694], [0.6938775510204082], [0.8571428571428572], [0.2959183673469388], [0.8622448979591837], [0.08673469387755102], [0.8826530612244898], [0.39795918367346944], [0.6887755102040817], [0.04081632653061224], [0.4387755102040817], [0.19387755102040816], [0.3826530612244899], [0.6530612244897959], [0.7602040816326531], [0.2806122448979592], [0.7755102040816326], [0.9591836734693879], [0.8520408163265307], [0.18877551020408165], [0.17346938775510204]], "centres": [[0.28571428571428575], [0.5357142857142858], [0.892857142857143], [0.4285714285714286], [0.45918367346938777], [0.08163265306122448], [0.826530612244898], [0.48979591836734704], [0.0], [0.913265306122449], [0.1326530612244898], [0.05612244897959184], [0.22448979591836735], [0.14285714285714288], [0.5204081632653061], [0.31632653061224497], [0.2908163265306123], [0.46938775510204084], [0.5561224489795918], [0.5], [0.2142857142857143], [0.03061224489795919], [0.663265306122449], [0.5051020408163266], [0.5459183673469389], [0.8316326530612245], [0.7346938775510204], [0.8775510204081634], [0.1479591836734694], [0.739795918367347], [0.3622448979591837], [0.10204081632653061], [0.6275510204081634], [0.6836734693877551], [0.23979591836734698], [0.413265306122449], [0.30612244897959184], [0.2295918367346939], [0.9285714285714286], [0.8724489795918368], [0.010204081632653064], [1.0], [0.5714285714285715], [0.8673469387755103], [0.3316326530612245], [0.9387755102040817], [0.015306122448979591], [0.46428571428571436], [0.16326530612244897], [0.6071428571428572], [0.7244897959183674], [0.6377551020408163], [0.576530612244898], [0.6173469387755103], [0.37244897959183676], [0.07653061224489796], [0.7448979591836735], [0.19897959183673472], [0.11224489795918367], [0.8979591836734694], [0.6938775510204082], [0.8571428571428572], [0.2959183673469388], [0.8622448979591837], [0.08673469387755102], [0.8826530612244898], [0.39795918367346944], [0.6887755102040817], [0.04081632653061224], [0.4387755102040817], [0.19387755102040816], [0.3826530612244899], [0.6530612244897959], [0.7602040816326531], [0.2806122448979592], [0.7755102040816326], [0.9591836734693879], [0.8520408163265307], [0.18877551020408165], [0.17346938775510204]], "basis_function": "gaussian", "weights": [[-321.156961328702], [132.65376970166471], [57.19765385359642], [-169.06065273524655], [-81.54831892734], [159.208552584656], [135.98389324338495], [5.137230694150276], [84.62560619904889], [-139.6340670603895], [41.52529596993918], [-183.99140654786197], [310.36345778418035], [338.02196033484324], [94.19661360942519], [-230.6039759514988], [235.63015575944155], [211.0193153553755], [-69.51929379477951], [297.49983746146245], [9.300453170626952], [281.7375740427374], [229.93900276580462], [43.821465993689344], [-374.50555915965015], [-117.25993428305264], [-124.19290535441905], [25.73817079264154], [84.09070071972383], [-377.6858831016161], [-92.23649917332659], [-49.33281701177566], [394.630307097319], [28.804892766265766], [351.550512179173], [-218.76263064033083], [276.9313877577524], [56.52490928786574], [-107.44171844496668], [278.91549681549805], [-313.3006114900991], [374.5784419383526], [-32.59185619911659], [-283.01637906992255], [-182.90521697973782], [200.23712346693537], [222.49915054794837], [-335.1812659824791], [129.64522764797584], [-198.13495572073043], [382.46144097890647], [-112.42241522404947], [-286.1512106349546], [106.00802509909227], [201.58538798256996], [-391.8789318008503], [191.6084136645768], [-33.535206025803745], [248.15171084261925], [-195.93494753335472], [311.9078037203908], [223.65209220757788], [-18.156111680252252], [-29.77937337359799], [-94.83572848131155], [-227.42304062610856], [-257.6096603220267], [-224.629619762738], [-227.03377436682968], [125.25536171772], [220.31293506244947], [-306.33724589075064], [-62.578756147719105], [213.84311754804548], [-67.41873712379856], [273.6310546348868], [-21.8756605635499], [-316.1874602768148], [-335.8794573364971], [-378.0334149556693]], "sigma": 0.05, "regularization_parameter": 2e-05, "rmse": 0.004421347610816152, "R2": 0.9997674652564592, "x_data_min": [[1.9949748743718594]], "x_data_max": [[99.50251256281406]], "y_data_min": [0.028807422305474107], "y_data_max": [1.0]}, "map": {"x_data_columns": "list", "x_data": "numpy", "centres": "numpy", "basis_function": "str", "weights": "numpy", "sigma": "str", "regularization_parameter": "str", "rmse": "str", "R2": "str", "x_data_min": "numpy", "x_data_max": "numpy", "y_data_min": "numpy", "y_data_max": "numpy"}}, "electricity_annual_scaled": {"attr": {"x_data_columns": ["heat_load"], "x_data": [[0.28571428571428575], [0.5357142857142858], [0.892857142857143], [0.4285714285714286], [0.45918367346938777], [0.08163265306122448], [0.826530612244898], [0.48979591836734704], [0.0], [0.913265306122449], [0.1326530612244898], [0.05612244897959184], [0.22448979591836735], [0.14285714285714288], [0.5204081632653061], [0.31632653061224497], [0.2908163265306123], [0.46938775510204084], [0.5561224489795918], [0.5], [0.2142857142857143], [0.03061224489795919], [0.663265306122449], [0.5051020408163266], [0.5459183673469389], [0.8316326530612245], [0.7346938775510204], [0.8775510204081634], [0.1479591836734694], [0.739795918367347], [0.3622448979591837], [0.10204081632653061], [0.6275510204081634], [0.6836734693877551], [0.23979591836734698], [0.413265306122449], [0.30612244897959184], [0.2295918367346939], [0.9285714285714286], [0.8724489795918368], [0.010204081632653064], [1.0], [0.5714285714285715], [0.8673469387755103], [0.3316326530612245], [0.9387755102040817], [0.015306122448979591], [0.46428571428571436], [0.16326530612244897], [0.6071428571428572], [0.7244897959183674], [0.6377551020408163], [0.576530612244898], [0.6173469387755103], [0.37244897959183676], [0.07653061224489796], [0.7448979591836735], [0.19897959183673472], [0.11224489795918367], [0.8979591836734694], [0.6938775510204082], [0.8571428571428572], [0.2959183673469388], [0.8622448979591837], [0.08673469387755102], [0.8826530612244898], [0.39795918367346944], [0.6887755102040817], [0.04081632653061224], [0.4387755102040817], [0.19387755102040816], [0.3826530612244899], [0.6530612244897959], [0.7602040816326531], [0.2806122448979592], [0.7755102040816326], [0.9591836734693879], [0.8520408163265307], [0.18877551020408165], [0.17346938775510204]],