{"model_encoding": {"heat_annual_scaled": {"attr": {"x_data_columns": ["heat_load"], "x_data": [[0.37373737373737376], [0.6262626262626263], [0.2626262626262626], [0.41414141414141414], [0.3535353535353536], [0.25252525252525254], [0.3636363636363637], [0.33333333333333337], [0.7777777777777778], [0.21212121212121213], [0.8585858585858587], [0.5050505050505051], [0.9292929292929293], [0.696969696969697], [0.9696969696969697], [0.787878787878788], [0.7272727272727274], [0.05050505050505051], [0.4040404040404041], [0.11111111111111112], [0.29292929292929293], [0.8383838383838385], [0.8282828282828283], [0.43434343434343436], [0.2828282828282829], [0.22222222222222224], [0.23232323232323232], [0.9090909090909092], [0.8686868686868687], [0.20202020202020204], [0.32323232323232326], [0.06060606060606061], [0.030303030303030304], [0.12121212121212122], [0.5151515151515151], [0.8484848484848485], [0.7373737373737375], [0.6464646464646465], [0.5454545454545455], [0.686868686868687], [0.7575757575757577], [0.7474747474747475], [0.5757575757575758], [0.42424242424242425], [0.7676767676767677], [1.0], [0.17171717171717174], [0.9393939393939394], [0.6363636363636365], [0.0], [0.18181818181818185], [0.4444444444444445], [0.38383838383838387], [0.4545454545454546], [0.393939393939394], [0.7070707070707072], [0.9494949494949495], [0.30303030303030304], [0.7171717171717172], [0.46464646464646464], [0.5656565656565657], [0.8080808080808082], [0.9191919191919192], [0.888888888888889], [0.19191919191919193], [0.8181818181818182], [0.5555555555555556], [0.898989898989899], [0.6161616161616162], [0.6565656565656567], [0.47474747474747475], [0.494949494949495], [0.07070707070707072], [0.9797979797979798], [0.595959595959596], [0.9595959595959596], [0.1313131313131313], [0.010101010101010102], [0.3131313131313132], [0.04040404040404041]], "centres": [[0.37373737373737376], [0.6262626262626263], [0.2626262626262626], [0.41414141414141414], [0.3535353535353536], [0.25252525252525254], [0.3636363636363637], [0.33333333333333337], [0.7777777777777778], [0.21212121212121213], [0.8585858585858587], [0.5050505050505051], [0.9292929292929293], [0.696969696969697], [0.9696969696969697], [0.787878787878788], [0.7272727272727274], [0.05050505050505051], [0.4040404040404041], [0.11111111111111112], [0.29292929292929293], [0.8383838383838385], [0.8282828282828283], [0.43434343434343436], [0.2828282828282829], [0.22222222222222224], [0.23232323232323232], [0.9090909090909092], [0.8686868686868687], [0.20202020202020204], [0.32323232323232326], [0.06060606060606061], [0.030303030303030304], [0.12121212121212122], [0.5151515151515151], [0.8484848484848485], [0.7373737373737375], [0.6464646464646465], [0.5454545454545455], [0.686868686868687], [0.7575757575757577], [0.7474747474747475], [0.5757575757575758], [0.42424242424242425], [0.7676767676767677], [1.0], [0.17171717171717174], [0.9393939393939394], [0.6363636363636365], [0.0], [0.18181818181818185], [0.4444444444444445], [0.38383838383838387], [0.4545454545454546], [0.393939393939394], [0.7070707070707072], [0.9494949494949495], [0.30303030303030304], [0.7171717171717172], [0.46464646464646464], [0.5656565656565657], [0.8080808080808082], [0.9191919191919192], [0.888888888888889], [0.19191919191919193], [0.8181818181818182], [0.5555555555555556], [0.898989898989899], [0.6161616161616162], [0.6565656565656567], [0.47474747474747475], [0.494949494949495], [0.07070707070707072], [0.9797979797979798], [0.595959595959596], [0.9595959595959596], [0.1313131313131313], [0.010101010101010102], [0.3131313131313132], [0.04040404040404041]], "basis_function": "gaussian", "weights": [[451.46329830797004], [655.2127934269993], [-399.68681772519176], [38.16786637584846], [-138.427830295298], [109.04995020075239], [-646.6016098004247], [-736.4526175817464], [-497.64458623409155], [535.2356783405394], [294.999759616956], [296.2882633116169], [-18.907945149469015], [329.06729696721595], [-442.70876384207077], [614.4219273797244], [431.0633707643865], [593.2840955877687], [546.1982018340914], [789.6487097837662], [-308.57980779883746], [-314.90957938526117], [190.6258790696047], [629.9064988085829], [200.0381823862581], [25.967287152941026], [-483.0019884254789], [-628.1568134122354], [-210.33066088027044], [-571.060701175671], [-226.64121666030405], [116.72407509982759], [38.34661756650917], [279.8452452322772], [-211.19206304042564], [-820.4083373953763], [-75.09973712463761], [-358.32952600737553], [-115.39220112340627], [-767.6662012692796], [514.2150278441732], [-581.1682311147852], [-34.13190655098151], [-469.7607778651509], [8.24870717873273], [-339.1548020145783], [-651.5338580907778], [-527.7472283296011], [148.43408299569637], [-144.70042780212202], [448.4184353815149], [122.02762404120404], [-56.701961345261225], [-385.75308480618514], [-564.7551363903858], [-177.32095786508944], [566.3181498769663], [790.3905078607677], [-683.532915820364], [722.7825569755405], [473.00189250767653], [-397.1818802668349], [485.942136262096], [381.7935405501594], [-60.78406046017835], [696.176296464284], [-622.7563232693701], [-123.32100364564758], [-442.0911384576084], [751.9281876076257], [215.05414061044758], [804.0170209978987], [-393.6941870194581], [669.4153458755391], [571.8367225732873], [61.71806768082752], [-229.80979441907994], [-549.2032962795292], [281.80651933116405], [-472.79354377972004]], "sigma": 0.05, "regularization_parameter": 2e-05, "rmse": 0.009203340374623576, "R2": 0.9989954540991344, "x_data_min": [[1.0]], "x_data_max": [[50.0]], "y_data_min": [0.02868522538698885], "y_data_max": [1.0]}, "map": {"x_data_columns": "list", "x_data": "numpy", "centres": "numpy", "basis_function": "str", "weights": "numpy", "sigma": "str", "regularization_parameter": "str", "rmse": "str", "R2": "str", "x_data_min": "numpy", "x_data_max": "numpy", "y_data_min": "numpy", "y_data_max": "numpy"}}, "electricity_annual_scaled": {"attr": {"x_data_columns": ["heat_load"], "x_data": [[0.37373737373737376], [0.6262626262626263], [0.2626262626262626], [0.41414141414141414], [0.3535353535353536], [0.25252525252525254], [0.3636363636363637], [0.33333333333333337], [0.7777777777777778], [0.21212121212121213], [0.8585858585858587], [0.5050505050505051], [0.9292929292929293], [0.696969696969697], [0.9696969696969697], [0.787878787878788], [0.7272727272727274], [0.05050505050505051], [0.4040404040404041], [0.11111111111111112], [0.29292929292929293], [0.8383838383838385], [0.8282828282828283], [0.43434343434343436], [0.2828282828282829], [0.22222222222222224], [0.23232323232323232], [0.9090909090909092], [0.8686868686868687], [0.20202020202020204], [0.32323232323232326], [0.06060606060606061], [0.030303030303030304], [0.12121212121212122], [0.5151515151515151], [0.8484848484848485], [0.7373737373737375], [0.6464646464646465], [0.5454545454545455], [0.686868686868687], [0.7575757575757577], [0.7474747474747475], [0.5757575757575758], [0.42424242424242425], [0.7676767676767677], [1.0], [0.17171717171717174], [0.9393939393939394], [0.6363636363636365], [0.0], [0.18181818181818185], [0.4444444444444445], [0.38383838383838387], [0.4545454545454546], [0.393939393939394], [0.7070707070707072], [0.9494949494949495], [0.30303030303030304], [0.7171717171717172], [0.46464646464646464], [0.5656565656565657], [0.8080808080808082], [0.9191919191919192], [0.888888888888889], [0.19191919191919193], [0.8181818181818182], [0.5555555555555556], [0.898989898989899], [0.6161616161616162], [0.6565656565656567], [0.47474747474747475], [0.494949494949495], [0.07070707070707072], [0.9797979797979798], [0.595959595959596], [0.9595959595959596], [0.1313131313131313], [0.010101010101010102], [0.3131313131313132], [0.04040404040404041]],