{"model_encoding": {"heat_annual_scaled": {"attr": {"x_data_columns": ["heat_load", "hours_storage"], "x_data": [[0.0, 0.23076923076923078], [0.5625, 0.19230769230769232], [0.375, 1.0], [0.3125, 0.46153846153846156], [0.375, 0.8846153846153846], [0.3125, 0.3076923076923077], [0.6875, 0.8461538461538461], [0.6875, 0.19230769230769232], [0.125, 0.5769230769230769], [0.875, 1.0], [1.0, 0.5384615384615384], [1.0, 0.19230769230769232], [0.375, 0.15384615384615385], [0.9375, 0.15384615384615385], [0.25, 0.5], [0.0, 0.7307692307692307], [1.0, 1.0], [0.1875, 0.6923076923076923], [0.375, 0.34615384615384615], [1.0, 0.23076923076923078], [0.0, 0.2692307692307692], [0.5625, 0.3076923076923077], [0.6875, 0.15384615384615385], [0.9375, 0.9230769230769231], [0.8125, 0.07692307692307693], [0.3125, 0.9230769230769231], [0.8125, 0.7692307692307693], [0.25, 0.46153846153846156], [0.0625, 0.5], [0.125, 0.34615384615384615], [0.125, 0.6538461538461539], [0.8125, 0.5384615384615384], [0.1875, 0.9230769230769231], [0.125, 0.5], [1.0, 0.038461538461538464], [0.375, 0.8461538461538461], [0.5625, 0.07692307692307693], [0.8125, 0.19230769230769232], [0.875, 0.0], [0.875, 0.6923076923076923], [0.25, 1.0], [0.875, 0.5769230769230769], [0.5625, 0.8076923076923077], [0.8125, 0.0], [0.6875, 0.8076923076923077], [0.3125, 0.15384615384615385], [0.0, 0.4230769230769231], [0.0625, 0.46153846153846156], [0.3125, 0.11538461538461539], [0.4375, 0.6153846153846154], [0.3125, 0.8846153846153846], [0.75, 0.15384615384615385], [0.0625, 1.0], [0.6875, 0.0], [0.5625, 0.9230769230769231], [0.25, 0.6923076923076923], [0.75, 0.9230769230769231], [0.0, 0.7692307692307693], [0.5625, 0.8461538461538461], [1.0, 0.8461538461538461], [0.375, 0.5], [0.125, 0.2692307692307692], [0.25, 0.9230769230769231], [0.5, 0.23076923076923078], [0.25, 0.8461538461538461], [0.6875, 0.7307692307692307], [0.625, 0.19230769230769232], [0.75, 0.4230769230769231], [0.75, 0.5769230769230769], [0.8125, 0.2692307692307692], [0.8125, 0.6923076923076923], [0.25, 0.19230769230769232], [0.3125, 0.9615384615384616], [0.75, 0.07692307692307693], [0.25, 0.2692307692307692], [0.875, 0.2692307692307692], [1.0, 0.7307692307692307], [0.5, 0.8846153846153846], [0.9375, 0.038461538461538464], [1.0, 0.3076923076923077]], "centres": [[0.0, 0.23076923076923078], [0.5625, 0.19230769230769232], [0.375, 1.0], [0.3125, 0.46153846153846156], [0.375, 0.8846153846153846], [0.3125, 0.3076923076923077], [0.6875, 0.8461538461538461], [0.6875, 0.19230769230769232], [0.125, 0.5769230769230769], [0.875, 1.0], [1.0, 0.5384615384615384], [1.0, 0.19230769230769232], [0.375, 0.15384615384615385], [0.9375, 0.15384615384615385], [0.25, 0.5], [0.0, 0.7307692307692307], [1.0, 1.0], [0.1875, 0.6923076923076923], [0.375, 0.34615384615384615], [1.0, 0.23076923076923078], [0.0, 0.2692307692307692], [0.5625, 0.3076923076923077], [0.6875, 0.15384615384615385], [0.9375, 0.9230769230769231], [0.8125, 0.07692307692307693], [0.3125, 0.9230769230769231], [0.8125, 0.7692307692307693], [0.25, 0.46153846153846156], [0.0625, 0.5], [0.125, 0.34615384615384615], [0.125, 0.6538461538461539], [0.8125, 0.5384615384615384], [0.1875, 0.9230769230769231], [0.125, 0.5], [1.0, 0.038461538461538464], [0.375, 0.8461538461538461], [0.5625, 0.07692307692307693], [0.8125, 0.19230769230769232], [0.875, 0.0], [0.875, 0.6923076923076923], [0.25, 1.0], [0.875, 0.5769230769230769], [0.5625, 0.8076923076923077], [0.8125, 0.0], [0.6875, 0.8076923076923077], [0.3125, 0.15384615384615385], [0.0, 0.4230769230769231], [0.0625, 0.46153846153846156], [0.3125, 0.11538461538461539], [0.4375, 0.6153846153846154], [0.3125, 0.8846153846153846], [0.75, 0.15384615384615385], [0.0625, 1.0], [0.6875, 0.0], [0.5625, 0.9230769230769231], [0.25, 0.6923076923076923], [0.75, 0.9230769230769231], [0.0, 0.7692307692307693], [0.5625, 0.8461538461538461], [1.0, 0.8461538461538461], [0.375, 0.5], [0.125, 0.2692307692307692], [0.25, 0.9230769230769231], [0.5, 0.23076923076923078], [0.25, 0.8461538461538461], [0.6875, 0.7307692307692307], [0.625, 0.19230769230769232], [0.75, 0.4230769230769231], [0.75, 0.5769230769230769], [0.8125, 0.2692307692307692], [0.8125, 0.6923076923076923], [0.25, 0.19230769230769232], [0.3125, 0.9615384615384616], [0.75, 0.07692307692307693], [0.25, 0.2692307692307692], [0.875, 0.2692307692307692], [1.0, 0.7307692307692307], [0.5, 0.8846153846153846], [0.9375, 0.038461538461538464], [1.0, 0.3076923076923077]], "basis_function": "gaussian", "weights": [[41.67151441025635], [-140.30237765189668], [-73.8881589797652], [216.47887002983134], [-14.185889520122146], [-28.49120727301488], [101.06306292294903], [-194.47050162712367], [-87.12929677862121], [-91.39785602139455], [0.11048383771412773], [-196.2052049086942], [-29.244323863602403], [-114.38857963629334], [-42.54035719341846], [10.055772329488946], [-11.918691731982108], [-56.419215086916665], [139.42883428563073], [-92.87595886851523], [-39.00070807992961], [19.494309605652234], [-16.185059267445467], [33.90673069996774], [308.12459902160117], [-3.8704452807323833], [129.27505271587142], [188.99027233968718], [-43.061325628355235], [49.32783032257794], [-18.455594949139595], [-99.09648823803946], [60.005979702716104], [11.838202895956783], [42.242263692088954], [9.466468167363928], [242.70176804513721], [-225.18270176754618], [-202.07746720084378], [-106.6757334244976], [37.38710797644447], [-215.96954554779222], [62.43136437802423], [-104.44136954556234], [113.82703557908462], [-9.147829104114862], [-36.15886701561203], [74.37635814474379], [60.61804146730174], [-283.54901036607407], [24.297644815676904], [-21.946539234659213], [-49.9498992703775], [-97.51059564455682], [-59.65512294864493], [-90.85845200047515], [10.399064868470305], [31.52321362076873], [50.28029375214737], [145.0736224857974], [-41.355360104033025], [-26.509031104123096], [42.39124612600426], [-156.65684505300305], [84.06787080390131], [-19.498227710049832], [-148.62676017008562], [834.1689040457695], [-237.426249626551], [-90.84781757399742], [-97.92371954180999], [-69.23360787663842], [-24.611376365885008], [324.9808919668503], [-69.31987089389986], [-51.88657259742831], [-83.5246941196674], [-27.35392232794402], [176.8034505728865], [364.7762158762562]], "sigma": 1.0, "regularization_parameter": 1e-05, "rmse": 0.0015379864112439814, "R2": 0.9999688373735953, "x_data_min": [[100.0, 0.0]], "x_data_max": [[500.0, 26.0]], "y_data_min": [0.17183515653139186], "y_data_max": [1.0]}, "map": {"x_data_columns": "list", "x_data": "numpy", "centres": "numpy", "basis_function": "str", "weights": "numpy", "sigma": "str", "regularization_parameter": "str", "rmse": "str", "R2": "str", "x_data_min": "numpy", "x_data_max": "numpy", "y_data_min": "numpy", "y_data_max": "numpy"}}, "electricity_annual_scaled": {"attr": {"x_data_columns": ["heat_load", "hours_storage"],