{"model_encoding": {"electricity_annual": {"attr": {"x_data_columns": ["system_capacity"], "x_data": [[0.3737373737373737], [0.6262626262626262], [0.2626262626262626], [0.41414141414141414], [0.3535353535353535], [0.2525252525252525], [0.3636363636363636], [0.3333333333333333], [0.7777777777777778], [0.2121212121212121], [0.8585858585858587], [0.505050505050505], [0.9292929292929293], [0.696969696969697], [0.9696969696969697], [0.7878787878787878], [0.7272727272727272], [0.050505050505050504], [0.40404040404040403], [0.1111111111111111], [0.29292929292929293], [0.8383838383838385], [0.8282828282828283], [0.4343434343434343], [0.2828282828282828], [0.2222222222222222], [0.23232323232323232], [0.9090909090909091], [0.8686868686868686], [0.20202020202020202], [0.3232323232323232], [0.06060606060606061], [0.030303030303030304], [0.12121212121212122], [0.5151515151515151], [0.8484848484848484], [0.7373737373737373], [0.6464646464646464], [0.5454545454545454], [0.6868686868686869], [0.7575757575757576], [0.7474747474747474], [0.5757575757575758], [0.4242424242424242], [0.7676767676767676], [1.0], [0.1717171717171717], [0.9393939393939393], [0.6363636363636364], [0.0], [0.1818181818181818], [0.4444444444444444], [0.3838383838383838], [0.45454545454545453], [0.3939393939393939], [0.707070707070707], [0.9494949494949495], [0.303030303030303], [0.7171717171717171], [0.46464646464646464], [0.5656565656565656], [0.8080808080808081], [0.9191919191919191], [0.8888888888888888], [0.1919191919191919], [0.8181818181818181], [0.5555555555555556], [0.8989898989898989], [0.6161616161616161], [0.6565656565656566], [0.47474747474747475], [0.4949494949494949], [0.0707070707070707], [0.9797979797979798], [0.5959595959595959], [0.9595959595959596], [0.1313131313131313], [0.0101010101010101], [0.3131313131313131], [0.0404040404040404]], "centres": [[0.3737373737373737], [0.6262626262626262], [0.2626262626262626], [0.41414141414141414], [0.3535353535353535], [0.2525252525252525], [0.3636363636363636], [0.3333333333333333], [0.7777777777777778], [0.2121212121212121], [0.8585858585858587], [0.505050505050505], [0.9292929292929293], [0.696969696969697], [0.9696969696969697], [0.7878787878787878], [0.7272727272727272], [0.050505050505050504], [0.40404040404040403], [0.1111111111111111], [0.29292929292929293], [0.8383838383838385], [0.8282828282828283], [0.4343434343434343], [0.2828282828282828], [0.2222222222222222], [0.23232323232323232], [0.9090909090909091], [0.8686868686868686], [0.20202020202020202], [0.3232323232323232], [0.06060606060606061], [0.030303030303030304], [0.12121212121212122], [0.5151515151515151], [0.8484848484848484], [0.7373737373737373], [0.6464646464646464], [0.5454545454545454], [0.6868686868686869], [0.7575757575757576], [0.7474747474747474], [0.5757575757575758], [0.4242424242424242], [0.7676767676767676], [1.0], [0.1717171717171717], [0.9393939393939393], [0.6363636363636364], [0.0], [0.1818181818181818], [0.4444444444444444], [0.3838383838383838], [0.45454545454545453], [0.3939393939393939], [0.707070707070707], [0.9494949494949495], [0.303030303030303], [0.7171717171717171], [0.46464646464646464], [0.5656565656565656], [0.8080808080808081], [0.9191919191919191], [0.8888888888888888], [0.1919191919191919], [0.8181818181818181], [0.5555555555555556], [0.8989898989898989], [0.6161616161616161], [0.6565656565656566], [0.47474747474747475], [0.4949494949494949], [0.0707070707070707], [0.9797979797979798], [0.5959595959595959], [0.9595959595959596], [0.1313131313131313], [0.0101010101010101], [0.3131313131313131], [0.0404040404040404]], "basis_function": "gaussian", "weights": [[10.078577491660326], [11.689615458715707], [17.731618598691057], [-7.954684319203807], [16.7969210147603], [18.867401649175008], [11.139441154733504], [-13.151991996182915], [-29.08739311993122], [0.8474490908993175], [-24.962510492143338], [-9.552036948025489], [0.14306068450241582], [-26.084765702027653], [37.84384998376481], [5.80968316023791], [-0.5603255650785286], [-13.842473564360262], [-2.289946053373569], [2.2777908099751585], [5.063011352072863], [-14.622970389973489], [-13.659889098344138], [21.945617873494484], [10.778580772877831], [-4.9650053077293705], [-6.185520570790686], [0.6944470970192924], [-25.13035859917727], [6.623028171959959], [-7.471406101994944], [-18.818529729522652], [-11.12402527102131], [1.5496348721053437], [-10.93001310562613], [-19.923164644511417], [-7.291317176976008], [3.0262586953831487], [12.153847820532974], [-19.30241586586635], [-16.043135532192537], [-13.98486807221343], [-1.9374454888675245], [-9.055632775438426], [-22.6070178917289], [46.94951468166255], [19.33571841608773], [-1.6462110098582343], [5.089735319223109], [-2.307681407695668], [13.623767776639397], [16.22661426603372], [4.432647653906315], [15.069325707299868], [3.3580223859171383], [8.403506488539279], [-2.868311056146922], [-0.658471391772764], [1.624347441480495], [9.30272949686696], [4.340432075361605], [-6.549396383299609], [-2.1195755223961896], [3.0644064165462623], [7.845448041496638], [-7.907081261248095], [5.982779074933205], [3.9601625474897446], [18.236866111645213], [-3.6537975832397933], [3.4977747686571092], [-3.6291650135790405], [-18.496587330215334], [43.170999016889255], [-10.085512084609945], [1.1073076505053905], [-3.909250766526384], [-3.1246771535062408], [-1.7887248149163497], [-9.574387248941548]], "sigma": 0.5, "regularization_parameter": 1e-05, "rmse": 0.0001433840228262272, "R2": 0.9999997536941194, "x_data_min": [[10.0]], "x_data_max": [[10000.0]], "y_data_min": [25279.514640115292], "y_data_max": [22646995.556103665]}, "map": {"x_data_columns": "list", "x_data": "numpy", "centres": "numpy", "basis_function": "str", "weights": "numpy", "sigma": "str", "regularization_parameter": "str", "rmse": "str", "R2": "str", "x_data_min": "numpy", "x_data_max": "numpy", "y_data_min": "numpy", "y_data_max": "numpy"}}, "land_req": {"attr": {"x_data_columns": ["system_capacity"], "x_data": [[0.3737373737373737], [0.6262626262626262], [0.2626262626262626], [0.41414141414141414], [0.3535353535353535], [0.2525252525252525], [0.3636363636363636], [0.3333333333333333], [0.7777777777777778], [0.2121212121212121], [0.8585858585858587], [0.505050505050505], [0.9292929292929293], [0.696969696969697], [0.9696969696969697], [0.7878787878787878], [0.7272727272727272], [0.050505050505050504], [0.40404040404040403], [0.1111111111111111], [0.29292929292929293], [0.8383838383838385], [0.8282828282828283], [0.4343434343434343], [0.2828282828282828], [0.2222222222222222], [0.23232323232323232], [0.9090909090909091], [0.8686868686868686], [0.20202020202020202], [0.3232323232323232], [0.06060606060606061], [0.030303030303030304], [0.12121212121212122], [0.5151515151515151], [0.8484848484848484], [0.7373737373737373], [0.6464646464646464], [0.5454545454545454], [0.6868686868686869], [0.7575757575757576], [0.7474747474747474], [0.5757575757575758], [0.4242424242424242], [0.7676767676767676], [1.0], [0.1717171717171717], [0.9393939393939393], [0.6363636363636364], [0.0], [0.1818181818181818], [0.4444444444444444], [0.3838383838383838], [0.45454545454545453], [0.3939393939393939], [0.707070707070707], [0.9494949494949495], [0.303030303030303], [0.7171717171717171], [0.46464646464646464], [0.5656565656565656], [0.8080808080808081], [0.9191919191919191], [0.8888888888888888], [0.1919191919191919], [0.8181818181818181], [0.5555555555555556], [0.8989898989898989], [0.6161616161616161], [0.6565656565656566], [0.47474747474747475], [0.4949494949494949], [0.0707070707070707], [0.9797979797979798], [0.5959595959595959], [0.9595959595959596], [0.1313131313131313], [0.0101010101010101], [0.3131313131313131], [0.0404040404040404]],