{"model_encoding": {"annual_energy": {"attr": {"x_data_columns": ["design_size"], "x_data": [[0.37373737373737376], [0.6262626262626262], [0.2626262626262626], [0.4141414141414141], [0.35353535353535354], [0.2525252525252525], [0.36363636363636354], [0.3333333333333333], [0.7777777777777778], [0.2121212121212121], [0.8585858585858587], [0.505050505050505], [0.9292929292929293], [0.696969696969697], [0.9696969696969697], [0.7878787878787878], [0.7272727272727272], [0.0505050505050505], [0.404040404040404], [0.1111111111111111], [0.29292929292929293], [0.8383838383838382], [0.8282828282828282], [0.4343434343434343], [0.2828282828282828], [0.2222222222222222], [0.23232323232323232], [0.9090909090909091], [0.8686868686868686], [0.202020202020202], [0.3232323232323232], [0.06060606060606061], [0.030303030303030304], [0.12121212121212122], [0.5151515151515151], [0.8484848484848484], [0.7373737373737373], [0.6464646464646464], [0.5454545454545454], [0.6868686868686869], [0.7575757575757576], [0.7474747474747474], [0.5757575757575758], [0.4242424242424242], [0.7676767676767676], [1.0], [0.1717171717171717], [0.9393939393939393], [0.6363636363636364], [0.0], [0.18181818181818177], [0.4444444444444444], [0.38383838383838376], [0.45454545454545453], [0.393939393939394], [0.707070707070707], [0.9494949494949495], [0.303030303030303], [0.7171717171717171], [0.46464646464646464], [0.5656565656565656], [0.808080808080808], [0.9191919191919191], [0.8888888888888888], [0.19191919191919188], [0.8181818181818182], [0.5555555555555556], [0.8989898989898991], [0.6161616161616161], [0.6565656565656566], [0.47474747474747475], [0.4949494949494949], [0.07070707070707072], [0.9797979797979798], [0.5959595959595959], [0.9595959595959596], [0.13131313131313133], [0.01010101010101011], [0.3131313131313131], [0.040404040404040394]], "centres": [[0.37373737373737376], [0.6262626262626262], [0.2626262626262626], [0.4141414141414141], [0.35353535353535354], [0.2525252525252525], [0.36363636363636354], [0.3333333333333333], [0.7777777777777778], [0.2121212121212121], [0.8585858585858587], [0.505050505050505], [0.9292929292929293], [0.696969696969697], [0.9696969696969697], [0.7878787878787878], [0.7272727272727272], [0.0505050505050505], [0.404040404040404], [0.1111111111111111], [0.29292929292929293], [0.8383838383838382], [0.8282828282828282], [0.4343434343434343], [0.2828282828282828], [0.2222222222222222], [0.23232323232323232], [0.9090909090909091], [0.8686868686868686], [0.202020202020202], [0.3232323232323232], [0.06060606060606061], [0.030303030303030304], [0.12121212121212122], [0.5151515151515151], [0.8484848484848484], [0.7373737373737373], [0.6464646464646464], [0.5454545454545454], [0.6868686868686869], [0.7575757575757576], [0.7474747474747474], [0.5757575757575758], [0.4242424242424242], [0.7676767676767676], [1.0], [0.1717171717171717], [0.9393939393939393], [0.6363636363636364], [0.0], [0.18181818181818177], [0.4444444444444444], [0.38383838383838376], [0.45454545454545453], [0.393939393939394], [0.707070707070707], [0.9494949494949495], [0.303030303030303], [0.7171717171717171], [0.46464646464646464], [0.5656565656565656], [0.808080808080808], [0.9191919191919191], [0.8888888888888888], [0.19191919191919188], [0.8181818181818182], [0.5555555555555556], [0.8989898989898991], [0.6161616161616161], [0.6565656565656566], [0.47474747474747475], [0.4949494949494949], [0.07070707070707072], [0.9797979797979798], [0.5959595959595959], [0.9595959595959596], [0.13131313131313133], [0.01010101010101011], [0.3131313131313131], [0.040404040404040394]], "basis_function": "gaussian", "weights": [[-834.4216757699437], [-123.92563150954811], [179.79531898634923], [85.37324821577567], [593.668716960839], [151.06144240110734], [128.38900814470276], [404.5671119125436], [-195.36767722681907], [-85.5417997856971], [-88.09453597183892], [-54.04174216014508], [-62.76362395808246], [129.12812349152273], [43.89507898172815], [0.6102645662176656], [1537.7468073831224], [-25.326095341607015], [908.7779505646668], [43.93294596554051], [-163.33407674792943], [-81.1958367034058], [29.962261535849393], [-473.11888310627637], [-0.1976708612010043], [-97.35783122387465], [-40.53893265507031], [6.330936051648678], [-18.931081357961375], [-17.14356825228606], [80.9954391242145], [-6.132164416539581], [20.633898446067406], [-20.406383351948534], [-167.88349125946297], [-120.5802271733155], [684.3495670206321], [-16.30724841538904], [-85.61156933530401], [542.3104647331727], [-287.1156560835616], [47.76879158612428], [112.48311308497887], [-372.467937371247], [-335.5898879406741], [7.090786522844837], [43.77300363014274], [-28.708002257513726], [-127.66872665212941], [-7.427489905862373], [29.540169490636004], [-324.5822194524042], [-2189.3260279016686], [4.815658994348496], [1985.7583478266042], [-626.5980152687825], [18.92967233715717], [-242.80207648553005], [-1720.1279918917498], [204.5877791793596], [62.15571738596145], [245.49293435883828], [-51.10330584551775], [119.05382145778822], [60.267679429816326], [162.32004066273203], [-11.529145343080813], [75.13843048448325], [-92.30886577241472], [200.7706258671019], [281.50784364886204], [94.89495340647045], [28.115016382510476], [-50.80895573437192], [90.71610846967944], [35.82213342414252], [-61.401237043623496], [8.66509176384578], [-164.2187691350946], [-15.83434195589507]], "sigma": 10.0, "regularization_parameter": 2e-05, "rmse": 0.009651251655384666, "R2": 0.9989663091320564, "x_data_min": [[1000.0]], "x_data_max": [[10000.0]], "y_data_min": [2518678.27565071], "y_data_max": [24286010.84065737]}, "map": {"x_data_columns": "list", "x_data": "numpy", "centres": "numpy", "basis_function": "str", "weights": "numpy", "sigma": "str", "regularization_parameter": "str", "rmse": "str", "R2": "str", "x_data_min": "numpy", "x_data_max": "numpy", "y_data_min": "numpy", "y_data_max": "numpy"}}, "land_req": {"attr": {"x_data_columns": ["design_size"], "x_data": [[0.37373737373737376], [0.6262626262626262], [0.2626262626262626], [0.4141414141414141], [0.35353535353535354], [0.2525252525252525], [0.36363636363636354], [0.3333333333333333], [0.7777777777777778], [0.2121212121212121], [0.8585858585858587], [0.505050505050505], [0.9292929292929293], [0.696969696969697], [0.9696969696969697], [0.7878787878787878], [0.7272727272727272], [0.0505050505050505], [0.404040404040404], [0.1111111111111111], [0.29292929292929293], [0.8383838383838382], [0.8282828282828282], [0.4343434343434343], [0.2828282828282828], [0.2222222222222222], [0.23232323232323232], [0.9090909090909091], [0.8686868686868686], [0.202020202020202], [0.3232323232323232], [0.06060606060606061], [0.030303030303030304], [0.12121212121212122], [0.5151515151515151], [0.8484848484848484], [0.7373737373737373], [0.6464646464646464], [0.5454545454545454], [0.6868686868686869], [0.7575757575757576], [0.7474747474747474], [0.5757575757575758], [0.4242424242424242], [0.7676767676767676], [1.0], [0.1717171717171717], [0.9393939393939393], [0.6363636363636364], [0.0], [0.18181818181818177], [0.4444444444444444], [0.38383838383838376], [0.45454545454545453], [0.393939393939394], [0.707070707070707], [0.9494949494949495], [0.303030303030303], [0.7171717171717171], [0.46464646464646464], [0.5656565656565656], [0.808080808080808], [0.9191919191919191], [0.8888888888888888], [0.19191919191919188], [0.8181818181818182], [0.5555555555555556], [0.8989898989898991], [0.6161616161616161], [0.6565656565656566], [0.47474747474747475], [0.4949494949494949], [0.07070707070707072], [0.9797979797979798], [0.5959595959595959], [0.9595959595959596], [0.13131313131313133], [0.01010101010101011], [0.3131313131313131], [0.040404040404040394]],