{"model_encoding": {"annual_energy": {"attr": {"x_data_columns": ["design_size"], "x_data": [[0.37373737373737376], [0.6262626262626262], [0.2626262626262626], [0.4141414141414141], [0.35353535353535354], [0.2525252525252525], [0.36363636363636354], [0.3333333333333333], [0.7777777777777778], [0.2121212121212121], [0.8585858585858587], [0.505050505050505], [0.9292929292929293], [0.696969696969697], [0.9696969696969697], [0.7878787878787878], [0.7272727272727272], [0.0505050505050505], [0.404040404040404], [0.1111111111111111], [0.29292929292929293], [0.8383838383838382], [0.8282828282828282], [0.4343434343434343], [0.2828282828282828], [0.2222222222222222], [0.23232323232323232], [0.9090909090909091], [0.8686868686868686], [0.202020202020202], [0.3232323232323232], [0.06060606060606061], [0.030303030303030304], [0.12121212121212122], [0.5151515151515151], [0.8484848484848484], [0.7373737373737373], [0.6464646464646464], [0.5454545454545454], [0.6868686868686869], [0.7575757575757576], [0.7474747474747474], [0.5757575757575758], [0.4242424242424242], [0.7676767676767676], [1.0], [0.1717171717171717], [0.9393939393939393], [0.6363636363636364], [0.0], [0.18181818181818177], [0.4444444444444444], [0.38383838383838376], [0.45454545454545453], [0.393939393939394], [0.707070707070707], [0.9494949494949495], [0.303030303030303], [0.7171717171717171], [0.46464646464646464], [0.5656565656565656], [0.808080808080808], [0.9191919191919191], [0.8888888888888888], [0.19191919191919188], [0.8181818181818182], [0.5555555555555556], [0.8989898989898991], [0.6161616161616161], [0.6565656565656566], [0.47474747474747475], [0.4949494949494949], [0.07070707070707072], [0.9797979797979798], [0.5959595959595959], [0.9595959595959596], [0.13131313131313133], [0.01010101010101011], [0.3131313131313131], [0.040404040404040394]], "centres": [[0.37373737373737376], [0.6262626262626262], [0.2626262626262626], [0.4141414141414141], [0.35353535353535354], [0.2525252525252525], [0.36363636363636354], [0.3333333333333333], [0.7777777777777778], [0.2121212121212121], [0.8585858585858587], [0.505050505050505], [0.9292929292929293], [0.696969696969697], [0.9696969696969697], [0.7878787878787878], [0.7272727272727272], [0.0505050505050505], [0.404040404040404], [0.1111111111111111], [0.29292929292929293], [0.8383838383838382], [0.8282828282828282], [0.4343434343434343], [0.2828282828282828], [0.2222222222222222], [0.23232323232323232], [0.9090909090909091], [0.8686868686868686], [0.202020202020202], [0.3232323232323232], [0.06060606060606061], [0.030303030303030304], [0.12121212121212122], [0.5151515151515151], [0.8484848484848484], [0.7373737373737373], [0.6464646464646464], [0.5454545454545454], [0.6868686868686869], [0.7575757575757576], [0.7474747474747474], [0.5757575757575758], [0.4242424242424242], [0.7676767676767676], [1.0], [0.1717171717171717], [0.9393939393939393], [0.6363636363636364], [0.0], [0.18181818181818177], [0.4444444444444444], [0.38383838383838376], [0.45454545454545453], [0.393939393939394], [0.707070707070707], [0.9494949494949495], [0.303030303030303], [0.7171717171717171], [0.46464646464646464], [0.5656565656565656], [0.808080808080808], [0.9191919191919191], [0.8888888888888888], [0.19191919191919188], [0.8181818181818182], [0.5555555555555556], [0.8989898989898991], [0.6161616161616161], [0.6565656565656566], [0.47474747474747475], [0.4949494949494949], [0.07070707070707072], [0.9797979797979798], [0.5959595959595959], [0.9595959595959596], [0.13131313131313133], [0.01010101010101011], [0.3131313131313131], [0.040404040404040394]], "basis_function": "gaussian", "weights": [[-834.4216757560525], [-123.92563150952628], [179.79531898822597], [85.37324821455059], [593.6687169895172], [151.06144239987862], [128.38900810718974], [404.56711190725036], [-195.36767722449804], [-85.5417997856166], [-88.09453597118045], [-54.041742160185095], [-62.76362395803517], [129.12812349156093], [43.895078981731785], [0.61026456322179], [1537.7468073829077], [-25.326095341609516], [908.7779505660947], [43.932945965540625], [-163.3340767485456], [-81.19583670711654], [29.96226153966927], [-473.1188831062301], [-0.19767086124795696], [-97.35783122385851], [-40.53893265511033], [6.330936051563185], [-18.931081357874064], [-17.143568252331534], [80.99543912423542], [-6.132164416537535], [20.633898446068542], [-20.406383351949444], [-167.88349125944842], [-120.58022717331914], [684.3495670206371], [-16.307248415378126], [-85.61156933529492], [542.3104647331679], [-287.11565608355704], [47.76879158613883], [112.48311308497296], [-372.46793737123835], [-335.58988794066136], [7.090786522845804], [43.773003630140465], [-28.70800225748826], [-127.66872665215487], [-7.427489905862458], [29.540169490634412], [-324.5822194524285], [-2189.3260279016763], [4.815658994363048], [1985.7583478265988], [-626.5980152687698], [18.929672337129887], [-242.80207648553187], [-1720.1279918917608], [204.58777917934867], [62.15571738596327], [245.4929343588783], [-51.10330584552139], [119.05382145779186], [60.267679429825876], [162.3200406627293], [-11.529145343072372], [75.13843048448143], [-92.30886577242381], [200.77062586710667], [281.50784364886204], [94.89495340647773], [28.115016382508657], [-50.8089557343701], [90.71610846968555], [35.82213342414252], [-61.40123704362168], [8.665091763845652], [-164.21876913509914], [-15.834341955895638]], "sigma": 10.0, "regularization_parameter": 2e-05, "rmse": 0.009651251655402955, "R2": 0.9989663091320525, "x_data_min": [[1000.0]], "x_data_max": [[10000.0]], "y_data_min": [2518678.27565071], "y_data_max": [24286010.84065737]}, "map": {"x_data_columns": "list", "x_data": "numpy", "centres": "numpy", "basis_function": "str", "weights": "numpy", "sigma": "str", "regularization_parameter": "str", "rmse": "str", "R2": "str", "x_data_min": "numpy", "x_data_max": "numpy", "y_data_min": "numpy", "y_data_max": "numpy"}}, "land_req": {"attr": {"x_data_columns": ["design_size"], "x_data": [[0.37373737373737376], [0.6262626262626262], [0.2626262626262626], [0.4141414141414141], [0.35353535353535354], [0.2525252525252525], [0.36363636363636354], [0.3333333333333333], [0.7777777777777778], [0.2121212121212121], [0.8585858585858587], [0.505050505050505], [0.9292929292929293], [0.696969696969697], [0.9696969696969697], [0.7878787878787878], [0.7272727272727272], [0.0505050505050505], [0.404040404040404], [0.1111111111111111], [0.29292929292929293], [0.8383838383838382], [0.8282828282828282], [0.4343434343434343], [0.2828282828282828], [0.2222222222222222], [0.23232323232323232], [0.9090909090909091], [0.8686868686868686], [0.202020202020202], [0.3232323232323232], [0.06060606060606061], [0.030303030303030304], [0.12121212121212122], [0.5151515151515151], [0.8484848484848484], [0.7373737373737373], [0.6464646464646464], [0.5454545454545454], [0.6868686868686869], [0.7575757575757576], [0.7474747474747474], [0.5757575757575758], [0.4242424242424242], [0.7676767676767676], [1.0], [0.1717171717171717], [0.9393939393939393], [0.6363636363636364], [0.0], [0.18181818181818177], [0.4444444444444444], [0.38383838383838376], [0.45454545454545453], [0.393939393939394], [0.707070707070707], [0.9494949494949495], [0.303030303030303], [0.7171717171717171], [0.46464646464646464], [0.5656565656565656], [0.808080808080808], [0.9191919191919191], [0.8888888888888888], [0.19191919191919188], [0.8181818181818182], [0.5555555555555556], [0.8989898989898991], [0.6161616161616161], [0.6565656565656566], [0.47474747474747475], [0.4949494949494949], [0.07070707070707072], [0.9797979797979798], [0.5959595959595959], [0.9595959595959596], [0.13131313131313133], [0.01010101010101011], [0.3131313131313131], [0.040404040404040394]],