{"model_encoding": {"heat_annual_scaled": {"attr": {"x_data_columns": ["system_capacity"], "x_data": [[0.15764785553041494], [0.20201790908255396], [0.0003259764055407482], [0.2586805070758556], [0.0041595488610503], [0.015222534566359079], [0.1784782349694734], [0.009778575650326377], [0.08439413784957879], [0.04464631507821066], [0.02013422718953941], [0.6921617451616385], [0.00836465398834166], [0.03921929704652458], [0.0507791959623755], [0.001110637651644964], [0.2926516564915347], [0.013182041405297976], [0.37442396877861844], [0.023078953515107303], [1.0], [0.0], [0.005026535266363169], [0.006006285899386613], [0.030167235331771375], [0.017528423625263276], [0.78251345226568], [0.026406684450536233], [0.33104124938547913], [0.5414585000344082], [0.05770974745856596], [0.06554171826454858], [0.07439235110949327], [0.011376398447645994], [0.47885097048735065], [0.003392348104386597], [0.10846954426963974], [0.0006943507972522342], [0.0021126861323095313], [0.034416900705794645]], "centres": [[0.15764785553041494], [0.20201790908255396], [0.0003259764055407482], [0.2586805070758556], [0.0041595488610503], [0.015222534566359079], [0.1784782349694734], [0.009778575650326377], [0.08439413784957879], [0.04464631507821066], [0.02013422718953941], [0.6921617451616385], [0.00836465398834166], [0.03921929704652458], [0.0507791959623755], [0.001110637651644964], [0.2926516564915347], [0.013182041405297976], [0.37442396877861844], [0.023078953515107303], [1.0], [0.0], [0.005026535266363169], [0.006006285899386613], [0.030167235331771375], [0.017528423625263276], [0.78251345226568], [0.026406684450536233], [0.33104124938547913], [0.5414585000344082], [0.05770974745856596], [0.06554171826454858], [0.07439235110949327], [0.011376398447645994], [0.47885097048735065], [0.003392348104386597], [0.10846954426963974], [0.0006943507972522342], [0.0021126861323095313], [0.034416900705794645]], "basis_function": "gaussian", "weights": [[13.028721601579036], [14.28199280250874], [-0.35267632028850926], [13.236429206722505], [-1.6960094423226337], [-2.253865558426412], [13.81555085140866], [-4.64385253948403], [8.341156234868762], [-8.374424571686973], [-3.3250464696038193], [42.53572593044419], [-3.905257133877143], [-7.231112786539484], [5.570528534831055], [-1.075172432729346], [10.93808078523341], [-1.8787130486823287], [-1.36696239007847], [-3.9203993241735446], [-1.098926331679536], [-0.8012724020364885], [-2.176003505335899], [-2.647028215727431], [-5.418298077876159], [-2.759997389327957], [7.7420087499795045], [-4.64729945682339], [6.412459637186885], [-61.702383763086345], [6.153658464384023], [6.792213699797458], [7.587994068569998], [-1.430875716426705], [-33.25621857288888], [-1.2388605484829895], [10.251583306872874], [-0.6722369135612496], [-1.9288402969803258], [-6.294015066240405]], "sigma": 0.75, "regularization_parameter": 0.0001, "rmse": 0.001444822978945763, "R2": 0.9999622889891008, "x_data_min": [[0.5]], "x_data_max": [[200.0]], "y_data_min": [0.002083443757242796], "y_data_max": [1.0]}, "map": {"x_data_columns": "list", "x_data": "numpy", "centres": "numpy", "basis_function": "str", "weights": "numpy", "sigma": "str", "regularization_parameter": "str", "rmse": "str", "R2": "str", "x_data_min": "numpy", "x_data_max": "numpy", "y_data_min": "numpy", "y_data_max": "numpy"}}, "electricity_annual_scaled": {"attr": {"x_data_columns": ["system_capacity"], "x_data": [[0.15764785553041494], [0.20201790908255396], [0.0003259764055407482], [0.2586805070758556], [0.0041595488610503], [0.015222534566359079], [0.1784782349694734], [0.009778575650326377], [0.08439413784957879], [0.04464631507821066], [0.02013422718953941], [0.6921617451616385], [0.00836465398834166], [0.03921929704652458], [0.0507791959623755], [0.001110637651644964], [0.2926516564915347], [0.013182041405297976], [0.37442396877861844], [0.023078953515107303], [1.0], [0.0], [0.005026535266363169], [0.006006285899386613], [0.030167235331771375], [0.017528423625263276], [0.78251345226568], [0.026406684450536233], [0.33104124938547913], [0.5414585000344082], [0.05770974745856596], [0.06554171826454858], [0.07439235110949327], [0.011376398447645994], [0.47885097048735065], [0.003392348104386597], [0.10846954426963974], [0.0006943507972522342], [0.0021126861323095313], [0.034416900705794645]], "centres": [[0.15764785553041494], [0.20201790908255396], [0.0003259764055407482], [0.2586805070758556], [0.0041595488610503], [0.015222534566359079], [0.1784782349694734], [0.009778575650326377], [0.08439413784957879], [0.04464631507821066], [0.02013422718953941], [0.6921617451616385], [0.00836465398834166], [0.03921929704652458], [0.0507791959623755], [0.001110637651644964], [0.2926516564915347], [0.013182041405297976], [0.37442396877861844], [0.023078953515107303], [1.0], [0.0], [0.005026535266363169], [0.006006285899386613], [0.030167235331771375], [0.017528423625263276], [0.78251345226568], [0.026406684450536233], [0.33104124938547913], [0.5414585000344082], [0.05770974745856596], [0.06554171826454858], [0.07439235110949327], [0.011376398447645994], [0.47885097048735065], [0.003392348104386597], [0.10846954426963974], [0.0006943507972522342], [0.0021126861323095313], [0.034416900705794645]], "basis_function": "gaussian", "weights": [[-73.317372282625], [0.29773441326688044], [98.00952520701766], [146.42921278447466], [68.80470103406088], [20.843991242726133], [-45.700376687195785], [-18.133812570783107], [-24.583539394156105], [-291.02107289987566], [-29.12923910569407], [1166.7714388931818], [4.318318949054856], [-233.23120210502725], [59.637278917958156], [82.94545704694607], [232.20463714838024], [40.66150927676739], [293.81557329980023], [-59.38605577101407], [-10.433346748098302], [86.27782311766205], [56.04134504231217], [41.749247672312464], [-134.5507291844715], [-2.4100943223260742], [-447.1914806291861], [-94.47592648369766], [296.58418128695666], [-1066.8034317220954], [39.84986225606781], [16.7695031194271], [-3.739641727413982], [60.241805103209856], [-262.94751576116687], [80.09622141793346], [-70.39703188107706], [91.23709033609066], [63.65153065517444], [-179.4731952728764]], "sigma": 1.0, "regularization_parameter": 1e-05, "rmse": 0.002871360341733086, "R2": 0.999848669784556, "x_data_min": [[0.5]], "x_data_max": [[200.0]], "y_data_min": [0.0021290992425633828], "y_data_max": [1.0]}, "map": {"x_data_columns": "list", "x_data": "numpy", "centres": "numpy", "basis_function": "str", "weights": "numpy", "sigma": "str", "regularization_parameter": "str", "rmse": "str", "R2": "str", "x_data_min": "numpy", "x_data_max": "numpy", "y_data_min": "numpy", "y_data_max": "numpy"}}}, "input_labels": ["system_capacity"], "output_labels": ["heat_annual_scaled", "electricity_annual_scaled"], "input_bounds": {"system_capacity": [0.5, 200]}, "surrogate_type": "rbf"}